-- THIS FILE IS AUTOGENERATED - DO NOT EDIT THIS FILE MANUALLY

INSERT INTO "category" ("id", "title", "primary_emoji", "primary_emoji_name", "lang") VALUES ('5cbf5e41-e830-4667-af77-e0430bf7056a', 'Gestión de la menstruación', '🚺', 'cuidado', 'es'), ('34b67c3d-9b00-4e15-999a-678be3414157', 'Menstruación y ciclo menstrual-ovulatorio', '🔴', 'períodos', 'es'), ('1c3c0b05-f0b9-47f4-ac24-09cc9ced15a0', 'Mitos y sentimientos', '😓', 'sentimientos', 'es'), ('2c65e8da-6ecc-4d69-8b5f-8856163e7dc8', 'Niños, hombres y relaciones', '👫', 'Niños', 'es'), ('cfd50728-b1fa-4e57-9087-a24faa1d7acc', 'Periodos y vida', '🌞', 'la vida', 'es'), ('ed78ffcb-c836-48ab-b2b8-df5e7080cdf1', 'Planificación familiar', '👪', 'familia', 'es'), ('0acb278d-7304-4c98-9a62-84bd9e838618', 'Pubertad', '🌷', 'creciente', 'es'), ('01aed768-a866-48b8-812f-dd5549112bd0', 'Salud, nutrición y ejercicio', '💚', 'salud', 'es');

INSERT INTO "subcategory" ("id", "title", "parent_category", "lang") VALUES ('e60de16c-f4ea-492d-825d-40175be730b3', 'Dolor y síndrome premenstrual', '5cbf5e41-e830-4667-af77-e0430bf7056a', 'es'), ('dcc237b5-f9df-485b-af2a-cfd736a41446', 'Higiene', '5cbf5e41-e830-4667-af77-e0430bf7056a', 'es'), ('b9968856-4569-4aa9-b600-d3b18cde8c2c', 'Protección sanitaria', '5cbf5e41-e830-4667-af77-e0430bf7056a', 'es'), ('30c72b25-17c1-412b-bb94-0769f4cf553e', 'Irregularidad y períodos perdidos', '34b67c3d-9b00-4e15-999a-678be3414157', 'es'), ('e46e82a6-64ae-4126-a85a-9c48e5f6b22d', 'Menstruación y períodos', '34b67c3d-9b00-4e15-999a-678be3414157', 'es'), ('055270b9-0a6d-4e07-a1a7-36013f4fb9ea', 'Sangre, flujo y secreción', '34b67c3d-9b00-4e15-999a-678be3414157', 'es'), ('d3e044f1-9f69-466d-a6c6-4821e0d0451f', 'Lástima', '1c3c0b05-f0b9-47f4-ac24-09cc9ced15a0', 'es'), ('ba95073e-831e-49c2-bc6c-29f9d84629dd', 'Mitos', '1c3c0b05-f0b9-47f4-ac24-09cc9ced15a0', 'es'), ('49812971-2ff5-43eb-9d84-b34f9e396bf4', 'Sentimientos', '1c3c0b05-f0b9-47f4-ac24-09cc9ced15a0', 'es'), ('610e2716-ee79-4b10-8d6b-532888160794', 'Temor', '1c3c0b05-f0b9-47f4-ac24-09cc9ced15a0', 'es'), ('fde03772-d7ac-48b2-81e0-ef11c639f3fe', 'Género', '2c65e8da-6ecc-4d69-8b5f-8856163e7dc8', 'es'), ('858bdb44-adce-4a9c-bd28-6bc5f87de507', 'Niños y hombres', '2c65e8da-6ecc-4d69-8b5f-8856163e7dc8', 'es'), ('61a7b063-df6b-4065-bbd6-892a4e821942', 'Belleza y moda', 'cfd50728-b1fa-4e57-9087-a24faa1d7acc', 'es'), ('461d53cb-dc0e-4078-a252-df5d27f2b14e', 'Preparación y gestión escolar', 'cfd50728-b1fa-4e57-9087-a24faa1d7acc', 'es'), ('0559fdc7-1408-4cf0-b04b-4d7f01548392', 'Ánimo', 'cfd50728-b1fa-4e57-9087-a24faa1d7acc', 'es'), ('5d8e529c-8d94-4f49-b98e-61f8d1230922', 'El embarazo', 'ed78ffcb-c836-48ab-b2b8-df5e7080cdf1', 'es'), ('1515a024-d8d5-4c05-a513-419abca0d350', 'Fertilidad', 'ed78ffcb-c836-48ab-b2b8-df5e7080cdf1', 'es'), ('7347ed10-c644-4ae3-93cb-26f0eb55207e', 'Sexo', 'ed78ffcb-c836-48ab-b2b8-df5e7080cdf1', 'es'), ('1b194249-a3cc-4957-a99e-83376c8c466d', 'Pubertad', '0acb278d-7304-4c98-9a62-84bd9e838618', 'es'), ('18ca518a-6ed1-40ac-8876-b162f3f59401', 'Ejercicio', '01aed768-a866-48b8-812f-dd5549112bd0', 'es'), ('7a43adff-3381-4335-bf5b-09cd338b5c53', 'Nutrición y dieta', '01aed768-a866-48b8-812f-dd5549112bd0', 'es');

INSERT INTO "article" ("id", "category", "subcategory", "article_heading", "article_text", "live", "lang") VALUES ('87bee5f4-c97c-4cf3-9015-df7e688bfb3e', '5cbf5e41-e830-4667-af77-e0430bf7056a', 'e60de16c-f4ea-492d-825d-40175be730b3', '¿Debería preocuparme por mis dolores menstruales?', 'Los cólicos son una parte muy normal de la menstruación, pero si llegan a ser tan dolorosos que interfieren con la escuela o el trabajo, debes consultar a un profesional de la salud.', '1', 'es'), ('f4af3773-a3b8-4baa-a2ea-6f9a867781dd', '5cbf5e41-e830-4667-af77-e0430bf7056a', 'e60de16c-f4ea-492d-825d-40175be730b3', '¿Qué debo hacer con el dolor durante mi período?', 'Te damos algunos consejor para aliviar o reducir los cólicos:
-Puedes tomar algunos analgésicos, como el paracetamol, ibuprofeno y naproxeno. Siempre sigue las indicaciones de un profesional de la salud.
-Ejercítate
-Mantén tu vientre caliente. Puedes ponerte una amohadilla térmica o una botella con agua caliente.
-Toma un baño
-Descansa', '1', 'es'), ('fa2d5aa6-0fc5-4baf-9fb0-852c8f3301a7', '5cbf5e41-e830-4667-af77-e0430bf7056a', 'e60de16c-f4ea-492d-825d-40175be730b3', '¿Duele tener mi período?', '“Si los períodos son dolorosos o no, varía entre las niñas y de un período a otro. 
 
 Algunas niñas no sienten ningún dolor, algunas tienen dolores leves y otras tienen mucho dolor y es posible que necesiten tomar un analgésico. Los períodos suelen ser más dolorosos durante la adolescencia ', '1', 'es'), ('0a7764ba-2900-460d-9d6f-de0c442da68f', '5cbf5e41-e830-4667-af77-e0430bf7056a', 'e60de16c-f4ea-492d-825d-40175be730b3', '¿Qué es el síndrome premenstrual?', 'El síndrome premenstrual es el conjunto de síntomas físicos y emocionales que ocurren una o dos semanas antes de tu período. Pueden incluir cosas como acné, sensibilidad en los senos, hinchazón, sensación de cansancio, irritabilidad y cambios de humor. No todas las mujeres tienen síndrome premenstrual, y sus síntomas también pueden variar de un mes a otro, y a lo largo de la vida ', '1', 'es'), ('dadb48b7-3ec8-4575-9b7e-98cceffe8a03', '5cbf5e41-e830-4667-af77-e0430bf7056a', 'e60de16c-f4ea-492d-825d-40175be730b3', '¿Es normal tener dolor durante mi período?', 'Que el dolor sea común durante la menstruación no significa que debamos resignarnos a vivir con él. El dolor es una señal universal de que algo no anda bien, así que no hay por qué normalizar el dolor menstrual.

Muchas mujeres y niñas sienten dolor, como calambres o dolores lumbares, durante sus períodos. Algunos de nosotros podemos sentir náuseas, fatiga o desmayos, dolor de cabeza o malestar general. 
 
 La cantidad de dolor varía de una persona a otra y de un ciclo a otro. También puede cambiar con el tiempo ', '1', 'es'), ('d20d4998-afd6-48d3-8485-2c73c986428b', '5cbf5e41-e830-4667-af77-e0430bf7056a', 'e60de16c-f4ea-492d-825d-40175be730b3', '¿Qué causa los cólicos?', 'Cuando se desprende el endometrio para dar lugar a la menstruación ocurre un proceso inflamatorio normal. Esta inflamación puede ser incómoda y presentarse como una molestia leve que no requiere de fármacos ni interfiere con nuestras actividades cotidianas.

Los cólicos son causados ​​por sustancias químicas, llamadas prostaglandinas, que tu cuerpo produce para hacer que los músculos del útero se contraigan. 
 
 Los músculos que se contraen ayudan a empujar la sangre y el tejido fuera del útero hacia la vagina durante tu período', '1', 'es'), ('84fa00d3-a684-4457-808b-fac1c9d04d28', '5cbf5e41-e830-4667-af77-e0430bf7056a', 'dcc237b5-f9df-485b-af2a-cfd736a41446', '¿Deberías lavar tu vagina durante tu periodo?', '¡No! Nunca debes intentar lavarse el interior de la vagina con agua, jabón o cualquier otro producto. 
 
 La vagina se limpia sola y tratar de lavarla puede alterar su equilibrio natural y provocar infecciones. Todo lo que necesitas hacer es lavar la vulva con agua tibia durante el baño.', '1', 'es'), ('58ff8218-69d4-4e20-933b-1032563d0872', '5cbf5e41-e830-4667-af77-e0430bf7056a', 'dcc237b5-f9df-485b-af2a-cfd736a41446', 'Dicen que no debes bañarte durante la menstruación, ¿es cierto?', '¡No! Es importante mantener una buena higiene diaria. Al bañarte, limpia tu vulva sólo con agua. No uses jabón ni esponjas en los labios internos ni dentro de la vulva. Esto te ayudará a sentirte limpia y fresca, además de que puedes prevenir una infección.

No uses jabón ni esponjas en los labios internos ni dentro de la vulva. ', '1', 'es'), ('e75b7f28-4094-434f-9162-887d44410987', '5cbf5e41-e830-4667-af77-e0430bf7056a', 'dcc237b5-f9df-485b-af2a-cfd736a41446', '¿Debería bañarme cuando tenga mi período?', 'Sí, debes bañarte todos los días como de costumbre. Al hacerlo limpia tu vulva solo con agua. 
 
 Nunca intentes lavar dentro de la vulva o la vagina (la parte interior) con agua o cualquier otra cosa, ya que puede causarle una infección ', '1', 'es'), ('9a2d8dd2-72d5-4c91-ac72-af0800866f03', '5cbf5e41-e830-4667-af77-e0430bf7056a', 'dcc237b5-f9df-485b-af2a-cfd736a41446', '¿Cómo puedo mantener una buena higiene durante mi periodo?', 'Mantener una buena higiene en la menstruación puede parecer todo un reto, ¡especialmente si comienzan cuando no lo esperabas! Pero recuerde que son un proceso completamente natural y saludable. 
 
 Mantenerte una higiene adecuada es simple: 
 
 • Al bañarte, limpia tu vulva sólo con agua. No uses jabón ni esponjas en los labios internos ni dentro de la vulva
 • Si te manchas, no te preocupes. A todas nos ha pasado alguna vez. Lava la ropa que se haya manchado con agua fría y jabón. 
 • Cambia tu toalla sanitaria, paño o tampón tan pronto como se llene para evitar fugas (para tampones, cámbielo al menos cada 4-6 horas). ', '1', 'es'), ('00f7364c-0259-4b25-963f-512cadd09158', '5cbf5e41-e830-4667-af77-e0430bf7056a', 'b9968856-4569-4aa9-b600-d3b18cde8c2c', '¿Qué es una toalla sanitaria?', 'Las toallas sanitarias son el único método desechable externo. Están hechas de fibra de madera (material absorbente) y se usan en la ropa interior para absorber el flujo menstrual.

Hay que cambiarlas en en un máximo de 6 horas de uso y luego se tiran a la basura.', '1', 'es'), ('12fe342b-35b7-48e3-a01f-c6782ee539d7', '5cbf5e41-e830-4667-af77-e0430bf7056a', 'b9968856-4569-4aa9-b600-d3b18cde8c2c', '¿Cómo uso una copa menstrual?', 'Para usar una copa menstrual, sigue las instrucciones para colocarla. Cuando se inserta correctamente, el borde de la copa forma un sello con las paredes de la vagina para evitar fugas. Puede dejarla hasta por 12 horas ya que recolecta tres veces más flujo que las toallas o los tampones. 
 
Para sacarlo de la vagina, sostenga firmemente el vástago en la base de la copa entre el pulgar y el índice y tire hacia afuera. 
 
 Después de desechar el flujo menstrual, lava la copa y su borde con agua y puedes colocarla nuevamente. 
 
 Después de que termine tu período, lávala con agua y jabón y guárdala en una bolsa de tela o en algún lugar fresco y ventilado. Al inicio de tu siguiente perioso, lava nuevamente tu copa con agua y jabó o con agua hirviendo.', '1', 'es'), ('a0b70467-1da6-4b56-a452-a3ee84488096', '5cbf5e41-e830-4667-af77-e0430bf7056a', 'b9968856-4569-4aa9-b600-d3b18cde8c2c', '¿Con qué frecuencia debo cambiar una copa menstrual?', 'La copa menstrual debe vaciarse cada 12 horas (o antes si se llega a llenar) y desechar el flujo menstrual. La mayoría de las copas durarán entre 2 y 10 años. Debes reemplazar tu copa si tiene roturas, agujeros o si no está en buenas condiciones ', '1', 'es'), ('f7f187bb-3e35-4d3b-95a1-8778caa95788', '5cbf5e41-e830-4667-af77-e0430bf7056a', 'b9968856-4569-4aa9-b600-d3b18cde8c2c', '¿Usar un tampón me hace perder mi virginidad?', 'No. El término "virginidad" se asocia a las relaciones penetrativas pene-vagina, sin embargo las relaciones sexuales no se reducen sólo a esta práctica.
 
 A veces la gente confunde tener himen con virginidad. El himen es un tejido elástico que rodea o cubre parte o toda la entrada de la vagina, o e incluso puede estar ausente desde que nacemos. 
 
Los himen difieren mucho entre las niñas y se estiran con el tiempo, por la actividad física o los deportes, la inserción de tampones, las copas menstruales, los dedos en la vagina o las relaciones sexuales. 
', '1', 'es'), ('a8731009-ade8-4397-8599-7ef091f371ce', '5cbf5e41-e830-4667-af77-e0430bf7056a', 'b9968856-4569-4aa9-b600-d3b18cde8c2c', '¿Con qué frecuencia debo cambiar mi tampón?', 'Debe cambiar su tampoon cada 4-8 horas dependiendo de su flujo. 
 
 Los tampones que se dejan adentro por mucho tiempo pueden causar problemas de salud como el síndrome de choque tóxico. Sin embargo, cuando se usan correctamente, los tampones no causan problemas de salud ”.', '1', 'es'), ('9407682d-3043-4c41-a409-ecd2240418e5', '5cbf5e41-e830-4667-af77-e0430bf7056a', 'b9968856-4569-4aa9-b600-d3b18cde8c2c', '¿Cuáles son los diferentes tipos de toallas sanitarias?', 'Las toallas sanitarias pueden ser desechables (un solo uso) o reutilizables. Vienen en diferentes formas y tamaños y pueden tener diferentes capacidades para absorber el flujo menstrual abundante o ligero. 
 
 Tendrás que experimentar con diferentes tipos de toallas sanitarias para saber cuál se adapta mejor a tus necesidades en los diferentes días de tu período. ', '1', 'es'), ('41b58d29-c5d2-4c42-a755-40fbf15fab66', '5cbf5e41-e830-4667-af77-e0430bf7056a', 'b9968856-4569-4aa9-b600-d3b18cde8c2c', '¿Cómo se usa una toalla sanitaria o un paño?', 'Coloca la toalla o el paño en tu ropa interior, nunca la insertes en tu vagina. Cambie la almohadilla o el paño cada dos a seis horas o con más frecuencia si crees que está llena. 
 
 Si estáa usando una toalla de tela reutilizable, lávala primero con agua fría y luego con agua caliente y un jabón suave, y sécala al sol antes de volver a usarla. ', '1', 'es'), ('051eb674-60fe-47be-8671-d9e75960fd6b', '5cbf5e41-e830-4667-af77-e0430bf7056a', 'b9968856-4569-4aa9-b600-d3b18cde8c2c', '¿Cómo desecho una toalla sanitaria desechable usada?', 'Para desechar una toalla desechable usada, envuélvela en papel y colócala en el bote de basura. Si no tienes papel, simplemente enróllala y deposítala en la basura. 
 
 No tires las toallas  en la taza de baño ya que pueden bloquearlas.', '1', 'es'), ('5483a08d-f497-4c19-b10f-a1f0eb130783', '5cbf5e41-e830-4667-af77-e0430bf7056a', 'b9968856-4569-4aa9-b600-d3b18cde8c2c', '¿Con qué frecuencia debo cambiar mi toalla sanitaria?', 'Durante tus períodos, cambia tus toallas sanitarias tan a menudo como sea necesario para evitar que se empapen con el flujo menstrual, lo que podría provocar una fuga. 
 
 Aprenderás a saber cuánto tiempo debes esperar antes de cambiar las toallas sanitarias durante tus períodos. En general, las toallas sanitarias deben cambiarse cada 4 a 6 horas o con más frecuencia cuando el flujo es abundante.', '1', 'es'), ('4d7fa687-d73e-4b35-ada0-862c1d61d533', '5cbf5e41-e830-4667-af77-e0430bf7056a', 'b9968856-4569-4aa9-b600-d3b18cde8c2c', '¿Cómo uso un tampón?', 'Los tampones vienen en diferentes tamaños y capacidad de absorción (ligero, regular y súper). Es mejor usar la absorción más baja o más ligera y cambiarse con frecuencia. 

Se expanden con la humedad y, por lo tanto, evitan que la sangre salga. Pueden tener un aplicador de cartoncillo o plástico, o sin aplicador (en este caso usarás tus dedos para introducir el tampón). Lava tus manos antes de insertarlo.

', '1', 'es'), ('edb9f3e1-0273-412d-a241-cbb44acfe4bd', '5cbf5e41-e830-4667-af77-e0430bf7056a', 'b9968856-4569-4aa9-b600-d3b18cde8c2c', '¿Qué es el síndrome de shock tóxico? ¿Me puede pasar a mí?', 'El uso de tampones puede causar una enfermedad llamada síndrome de shock tóxico (SST), si usas un tampón durante demasiado tiempo. Esta intoxicación es rara pero grave y, si no es tratada a tiempo, puede provocar la muerte. Para prevenirla es muy importante no llevar el tampón puesto durante más de 6 horas.  

Si has usado un tampón por mucho tiempo y comienzas a tener vómitos, fiebre alta, diarrea, dolores musculares, dolor de garganta, mareos, desmayos o debilidad, y una erupción en la piel de tipo quemaduras solares, saca el tampón y busca ayuda médica de inmediato. Asegura que el tampón salga completo y no se quede ningún pedazo en la vagina', '1', 'es'), ('dfb30c9a-340d-4b75-8e8b-896dc4096294', '5cbf5e41-e830-4667-af77-e0430bf7056a', 'b9968856-4569-4aa9-b600-d3b18cde8c2c', '¿Qué material debo usar para absorber mi flujo menstrual?', '¡Hay muchas opciones para absorber tu flujo menstrual! 
 
 Estos incluyen toallas sanitarias desechables, toallas reutilizables, tampones, copas menstruales y ropa interior absorbente. 
 
Descubre cuáles puede conseguir en donde vives. Es posible que desees probar algunos para ver cuál te funciona mejor.', '1', 'es'), ('ba01ecfa-8cd5-435f-a28f-a57e497701b9', '5cbf5e41-e830-4667-af77-e0430bf7056a', 'b9968856-4569-4aa9-b600-d3b18cde8c2c', '¿Qué es un tampón?', 'Es el único método desechable interno. Son materiales absorbentes que se insertan en la vagina, por lo regular hechos también con fibras de madera tratada con químicos para que parezca algodón. Se expanden con la humedad y, por lo tanto, evitan que la sangre salga. Pueden tener un aplicador de cartoncillo o plástico, o sin aplicador.

Los tampones tienen un cordón en el extremo, para que pueda sacarlos fácilmente.', '1', 'es'), ('f0b137cc-b17d-427f-b717-de9243077e42', '5cbf5e41-e830-4667-af77-e0430bf7056a', 'b9968856-4569-4aa9-b600-d3b18cde8c2c', '¿Qué es una copa menstrual?', 'Una copa menstrual es un recipiente flexible con forma de campana que se usa para recolectar el flujo menstrual.

La mayoría de las copas están hechas de silicón o de TPE (elastómero termoplástico), ambos de grado médico. Son materiales que no causan alergias y son seguros para estar dentro del cuerpo.', '1', 'es'), ('249c8728-9f68-48d8-829c-2c722ea01e51', '34b67c3d-9b00-4e15-999a-678be3414157', '30c72b25-17c1-412b-bb94-0769f4cf553e', 'Mi ciclo es irregular, ¿es esto un problema?', 'Un ciclo irregular es normal, especialmente durante los primeros años de la menstruación, variando de 21 a 45 días. Las variaciones en tu ciclo son normales y saludables. 
 
 ¡Al usar Oky, podrás averiguar cuál es tu ciclo normal personal! ', '1', 'es'), ('b23d6122-b2f4-4732-9ed2-00f5049f7a2b', '34b67c3d-9b00-4e15-999a-678be3414157', '30c72b25-17c1-412b-bb94-0769f4cf553e', '¿Qué significa si pierdo un período?', 'A veces puede saltarse un período sin ningún motivo, especialmente durante los primeros años de tu menstruación. 
 
 Otras cosas que pueden afectar la regularidad de tu ciclo pueden ser: 
 
 • estrés 
 • medicamentos 
 • algunos métodos de prevención del embarazo 
 • dietas o cambios en la alimentación 
 • hacer demasiado ejercicio 
 • viajar
 
 Si una niña ha tenido relaciones sexuales sin usar un método de prevención del embarazo (anticoncepción), la falta de un período es una señal de que podría estar embarazada ', '1', 'es'), ('a31319d1-d5c9-4a0f-a3c7-0b5cc694b98c', '34b67c3d-9b00-4e15-999a-678be3414157', 'e46e82a6-64ae-4126-a85a-9c48e5f6b22d', '¿Alguien puede saber si tengo mi período?', '—No, a menos que tú lo digas. Pero cuando te llegue tu menstruación por primera vez, es posible que desees decírselo a tu madre, hermana mayor o a alguna otra persona adulta en quien confíes. De esa forma pueden ayudarte y responder a tus preguntas ', '1', 'es'), ('4868f07f-8555-453c-8f64-8123c69946c9', '34b67c3d-9b00-4e15-999a-678be3414157', 'e46e82a6-64ae-4126-a85a-9c48e5f6b22d', '¿Cuánto dura la menstruación?', 'La menstruación puede durar de 3 a 7 díasm pero lo más usual es que dure alrededor de 5 días.', '1', 'es'), ('32337a66-cfdc-413e-876a-69ef1776ab61', '34b67c3d-9b00-4e15-999a-678be3414157', 'e46e82a6-64ae-4126-a85a-9c48e5f6b22d', '¿Qué son los períodos / menstruación?', 'Se trata del sangrado menstrual que resulta del desprendimiento del endometrio en el útero y que sale por la vagina.

¡La menstruación es algo totalmente normal y saludable!', '1', 'es'), ('6d94a596-0790-44b9-a895-c58b181ebe23', '34b67c3d-9b00-4e15-999a-678be3414157', 'e46e82a6-64ae-4126-a85a-9c48e5f6b22d', '¿Son normales los períodos?', '¡Sí! Es un proceso completamente natural que es parte del ciclo menstrual de mujeres y niñas. Es una señal de crecimiento y buena salud', '1', 'es'), ('7e1709d3-7f6f-4f63-aa2c-0c4ac933f8f6', '34b67c3d-9b00-4e15-999a-678be3414157', 'e46e82a6-64ae-4126-a85a-9c48e5f6b22d', '¿Por qué las niñas tienen períodos?', 'En cada ciclo menstrual-ovulatorio el endometrio necesita renovarse para que el ciclo vuelva a comenzar y, por ello, el endometrio necesita salir del cuerpo en forma de menstruación. 

Las científicas creen que nuestro ciclo menstrual-ovulatorio evolucionó como una manifestación única de la humanidad. ¡Así que la menstruación es parte de lo que significa ser humanas!', '1', 'es'), ('f2cfa57c-bb11-4ddb-ad66-126d0319762f', '34b67c3d-9b00-4e15-999a-678be3414157', 'e46e82a6-64ae-4126-a85a-9c48e5f6b22d', '¿Qué es un ciclo menstrual-ovulatorio?', 'El ciclo menstrual-ovultorio comienza con el primer día de tu menstruación y termina hasta que aparece un nuevo sangrado menstrual, momento en que inicia un nuevo ciclo. Se llama ciclo porque se repite regularmente a lo largo de aproximadamente 40 años de nuestras vidas. 
 
 Durante el ciclo, las hormonas (sustancias químicas en su cuerpo) aumentan y hacia abajo, causando otros cambios corporales. 
 
 Un ciclo menstrual completo puede durar entre 21 y 45 días al principio de la menstruación, pero para la mayoría de las niñas y mujeres, la duración a menudo cambia de un ciclo a otro, y cambia con los años. Conforme pasan los años y maduramos, los ciclos serán más regulares y lo normal será que duren entre 21 y 35 días. 

Todas somos diferentes y las variaciones en tu ciclo son normales. Cuando las niñas comienzan a tener períodos, su ciclo menstrual a menudo no es regular. Los períodos pueden llegar un mes y no el siguiente, o solo un par de semanas aparte. 
 
Pueden pasar algunos años antes de que el ciclo de una niña sea más regular. Comparar tu ciclo con otros o con lo que es `normal` puede hacer que sientas que algo anda mal, aunque probablemente todo esté bien. 
 
 El uso de Oky para realizar un seguimiento de tu período te ayudará a ver qué es normal para TÍ. Si notas algo inusual, probablemente sea una buena idea hablar con una persona adulta en quien confíes y recibir atención médica.', '1', 'es'), ('95d78066-e122-4966-bd8c-589a595593f0', '34b67c3d-9b00-4e15-999a-678be3414157', 'e46e82a6-64ae-4126-a85a-9c48e5f6b22d', '¿Qué sucede durante el ciclo menstrual-ovulatorio?', 'El ciclo menstrual-ovulatorio comienza con la menstruación, que dura entre 2 y 7 días. 
 
Durante la primera parte del ciclo menstrual-ovulatorio, un óvulo en los ovarios comienza a madurar y el revestimiento (o paredes) del útero comienzan a espesarse con sangre y tejido. 
 
 Cuando el óvulo está listo, se libera de uno de los ovarios (esto se llama `ovulación`) y se mueve por una trompa uternia hacia el útero. 
 
 Si el óvulo no se fertiliza, la sangre y el tejido que recubre el útero (endometrio) se eliminan a través de la vagina, que es lo que se conoce como sangrado menstrual.', '1', 'es'), ('9b22e471-715f-4b51-b835-23979bd5db5e', '34b67c3d-9b00-4e15-999a-678be3414157', 'e46e82a6-64ae-4126-a85a-9c48e5f6b22d', '¿A qué edad comienzan las niñas a menstruar? 
 ¿A qué edad terminan las menstruaciones? ', 'Los períodos de las niñas generalmente comienzan entre los 9 y los 15 años, aproximadamente dos años después de que sus senos comienzan a desarrollarse. La edad promedio es de 12 a 13 años, pero puede comenzar a los 8 años o tan tarde como a los 15 o 16 años. 
 Las mujeres suelen dejar de tener períodos entre los 45 y los 55 años ', '1', 'es'), ('335b341a-8439-4528-b29c-4c566a36d55b', '34b67c3d-9b00-4e15-999a-678be3414157', 'e46e82a6-64ae-4126-a85a-9c48e5f6b22d', '¿Qué es la menarquia?', 'Menarquia es una palabra científica para el primer período de una niña', '1', 'es'), ('2da00752-f80d-43fd-b5de-0662558f0742', '34b67c3d-9b00-4e15-999a-678be3414157', '055270b9-0a6d-4e07-a1a7-36013f4fb9ea', 'Tengo muchos coágulos en mi flujo menstrual, ¿es esto normal?', 'Sí, es normal tener coágulos (partes más gruesas) en el flujo menstrual. El flujo menstrual está compuesto principalmente por la sangre y el tejido que recubre el útero; no es solo sangre. Por eso generalmente hay algunos coágulos', '1', 'es'), ('2898fc31-1112-4193-9ed0-ba8fc4d86c14', '34b67c3d-9b00-4e15-999a-678be3414157', '055270b9-0a6d-4e07-a1a7-36013f4fb9ea', 'Mi flujo menstrual es ligero, ¿es esto normal?', 'Los períodos varían entre las mujeres y, a menudo, de un mes a otro. Por eso, es importante saber qué es ''normal'' para ti en términos de flujo. Tener un flujo leve puede ser normal para ti. 
 
 Usar Oky puede ayudarte a notar cuando algo sobre tu período cambia. Si tu período es más ligero de lo normal, podría ser causado por un embarazo, estrés, enfermedad, aumento o pérdida de peso, tu edad o el uso de anticonceptivos que contienen hormonas ', '1', 'es'), ('2e495ebe-5044-470b-bc05-250673fd53c3', '34b67c3d-9b00-4e15-999a-678be3414157', '055270b9-0a6d-4e07-a1a7-36013f4fb9ea', 'Mi flujo menstrual es abundante, ¿es esto normal?', 'Un flujo abundante es cuando tienes más de 16 toallas sanitarias o tampones empapados durante un período. Esto puede ser normal para ti. 
 
 Si tu flujo es abundante y te preocupa, habla con un profesional de la salud ', '1', 'es'), ('19659687-7fbc-4cc9-9a4c-ae7afca0345c', '34b67c3d-9b00-4e15-999a-678be3414157', '055270b9-0a6d-4e07-a1a7-36013f4fb9ea', '¿De qué está hecho el flujo menstrual?', 'El flujo menstrual está compuesto por la sangre y el tejido que recubre el útero, llamado endometrio, el cual se prepara para recibir un óvulo fecundado. Cuando no es así, el endometrio se desprende del útero, saliendo por la vagina.', '1', 'es'), ('1d025eea-73cf-4dc0-b32d-7beffd3cff0a', '34b67c3d-9b00-4e15-999a-678be3414157', '055270b9-0a6d-4e07-a1a7-36013f4fb9ea', 'Tengo flujo blanco en mi ropa interior, ¿es esto normal?', 'Sí, esta sustancia blanca se llama ''secreción o flujo vaginal'' y todas las niñas y mujeres la tienen. 
 
 • Justo después de tu período, puede haber poca secreción, unos días después, generalmente se vuelve pegajosa y blanca o amarillenta. 
 • Alrededor del momento en que se va a liberar el óvulo y las mujeres son fértiles (pueden quedar embarazadas), la secreción se vuelve clara y muy resbaladiza, como la clara de huevo. 
 • Después de que se libera el óvulo, disminuye y es pegajosa y turbia. 
 
 La secreción también puede cambiar si la mujer está excitada, embarazada o si usa ciertos métodos anticonceptivos. 
 
 Algunos cambios en la secreción vaginal son una señal de un posible problema de salud , por ejemplo: 
 • si la secreción es de color gris, verde, amarillo o marrón 
 • si hay mucha, especialmente con picazón o dolor 
 • secreción mucho más delgada o más espesa de lo normal o grumos 
 • un olor desagradable a pescado o metal. 
 
 Debes consultar a un profesional de la salud si crees que tienes alguno de estos cambios ', '1', 'es'), ('25faed6b-1e26-4c06-9509-91d3dd736f04', '34b67c3d-9b00-4e15-999a-678be3414157', '055270b9-0a6d-4e07-a1a7-36013f4fb9ea', 'El color de mi flujo menstrual cambia; a veces es oscuro y otras es claro, ¿es esto normal?', '¡Es normal que cambie el color de tu flujo menstrual! Por ejemplo, el color depende de cuánto tiempo ha estado expuesto al aire. No tiene nada que ver con tu salud ', '1', 'es'), ('d4213fb8-d303-4c12-b873-95f4f9f46649', '34b67c3d-9b00-4e15-999a-678be3414157', '055270b9-0a6d-4e07-a1a7-36013f4fb9ea', '¿Cuánta sangre pierden las niñas durante la menstruación?', 'Lo típico es menstruar entre 35 y 50 ml durante todos los días de menstruación. Si sangramos más de 80 ml (aproximadamente 1/3 de taza) puede ser un problema y causarnos anemia', '1', 'es'), ('c08551a0-59f9-4c53-b2cc-31d123b7e8b3', '1c3c0b05-f0b9-47f4-ac24-09cc9ced15a0', 'd3e044f1-9f69-466d-a6c6-4821e0d0451f', 'Me avergüenzo cuando tengo mi período', '¡Tu período no es nada de lo que avergonzarse! Significa que tu cuerpo está sano y fuerte. ¿Sabías que en algunos lugares del mundo incluso hay celebraciones de orgullo en torno a la menstruación? 
 
 ¡Conviértete en una activista en tu comunidad y ayuda a tus amigas y vecinas a sentirse seguras sobre sus períodos también! ', '1', 'es'), ('b185d787-d495-480e-b543-40c6f7835220', '1c3c0b05-f0b9-47f4-ac24-09cc9ced15a0', 'd3e044f1-9f69-466d-a6c6-4821e0d0451f', 'Me da vergüenza hablar de mi período con otras personas', 'Esto es muy comprensible, ya que a las niñas y mujeres a menudo se les hace sentir que los períodos son un tema embarazoso. 
 
Oky está aquí para decirte que los períodos son totalmente normales y no hay nada de qué avergonzarse. Habla sobre la menstruación, primero con alguien en quien realmente confíes, luego con más personas, hasta normalizar la conversación en torno a la menstruación.
 
 Sin embargo, si realmente no quieres hablar sobre la menstruación, ¡no es necesario que lo hagas! ', '1', 'es'), ('db712312-d9ef-4aa4-9694-e36817ccccce', '1c3c0b05-f0b9-47f4-ac24-09cc9ced15a0', 'ba95073e-831e-49c2-bc6c-29f9d84629dd', '¿Es cierto que bañarse / ducharse o lavarse el cuerpo durante la menstruación causa infección o infertilidad?', '¡Esto es falso! Mantenerse limpia durante su período es necesario y evita que contraigas infecciones. 
 
 Sin embargo, evita la práctica de las ''duchas vaginales'' (forzar el agua a través de la vagina para limpiarla) porque puede aumentar las probabilidades de infección.', '1', 'es'), ('ad04539f-9ff3-4f2d-b2c5-70f658d40083', '1c3c0b05-f0b9-47f4-ac24-09cc9ced15a0', 'ba95073e-831e-49c2-bc6c-29f9d84629dd', '¿Significa la menstruación que una chica está lista para casarse?', 'Esto es falso. Incluso después de que empieces a menstruar, tu cuerpo todavía está creciendo y desarrollándose.

Que tu cuerpo esté cambiando y se vuelva fértil no quiere decir que estés lista o listo para casarte o para un embarazo. Para esto tiene que pasar mucho tiempo, tu cuerpo debe terminar de madurar y hay muchas cosas importantes que tienes que vivir y experimentar como estudiar, trabajar, divertirte y conocerte mejor. Incluso, puede que nunca quieras tener un bebé y eso está bien', '1', 'es'), ('4f0ce065-58ce-49d3-898b-de68eb76c827', '1c3c0b05-f0b9-47f4-ac24-09cc9ced15a0', 'ba95073e-831e-49c2-bc6c-29f9d84629dd', '¿Por qué se les dice a algunas mujeres que no asistan a funciones religiosas ni preparen comida durante su período?', 'No hay ninguna razón médica para que una mujer o una niña no asista a funciones religiosas o no prepare comida durante la menstruación, pero algunas religiones tienen reglas al respecto', '1', 'es'), ('668a11b4-93cf-45ca-b408-b0e8cdb87d8a', '1c3c0b05-f0b9-47f4-ac24-09cc9ced15a0', 'ba95073e-831e-49c2-bc6c-29f9d84629dd', '¿Es cierto que las mujeres deben comer / dormir / permanecer separadas de su familia durante su período?', 'No hay una base científica para esta creencia, pero algunas religiones tienen reglas sobre las mujeres que tienen sus períodos', '1', 'es'), ('01ff0790-1667-4abd-b1a1-757b82a59442', '1c3c0b05-f0b9-47f4-ac24-09cc9ced15a0', 'ba95073e-831e-49c2-bc6c-29f9d84629dd', 'En mi país existe la creencia de que las mujeres que tienen su período no deberían estar cerca de olores fuertes como el esmalte de uñas. ¿Por qué?', 'No hay base científica para esta creencia. ¡No hay ninguna razón para que una mujer o una niña eviten los olores fuertes durante su período!', '1', 'es'), ('7198c4cf-f46a-4428-8871-6c9548b31d60', '1c3c0b05-f0b9-47f4-ac24-09cc9ced15a0', 'ba95073e-831e-49c2-bc6c-29f9d84629dd', '¿Por qué hay tantos mitos sobre la menstruación?', 'La menstruación era vista como un misterio antes de que la ciencia pudiera explicarla. Por lo tanto, se crearon muchas ideas y creencias diferentes para explicar los ciclos menstruales en sociedades y culturas antiguas. 
 
La ciencia ha demostrado que muchas de esas ideas y creencias están equivocadas, pero todavía existen algunas de estas creencias al día de hoy.
 
 A estas ideas las llamamos mitos o tabúes menstruales. Muchos mitos sugieren que los períodos son una enfermedad o una maldición, o que el cuerpo de una mujer está contaminado cuando está experimentando sus períodos.
 Estas creencias causan discriminación contra las mujeres y, a veces, pueden reducir el autoestima de las mujeres y las oportunidades de crecimiento. 
 
¡Habla con las personas en quien más confíes para planificar cómo pueden ayudar a deshacerse de estos mitos! ', '1', 'es'), ('69ba85fe-c321-43a9-a220-206e3861a712', '1c3c0b05-f0b9-47f4-ac24-09cc9ced15a0', 'ba95073e-831e-49c2-bc6c-29f9d84629dd', '¿Es cierto que las mujeres que tienen sus períodos son impuras, sucias, enfermas o incluso malditas?', '¡No, en absoluto! Esta es una idea falsa que no tiene base científica. 
 
 Los períodos son naturales y normales para las mujeres y son una señal de nuestra buena salud y bienestar físico. El flujo menstrual es solo una mezcla inofensiva de sangre y tejido. 
 
Este mito se utiliza a menudo como una razón para evitar que las mujeres que están teniendo su período participen en diversos eventos sociales, laborales, escolares o religiosos. ', '1', 'es'), ('370fe95b-b405-45e0-9816-f838202722b9', '1c3c0b05-f0b9-47f4-ac24-09cc9ced15a0', 'ba95073e-831e-49c2-bc6c-29f9d84629dd', '¿Es cierto que la eliminación inadecuada de una toalla sanitaria / sangre menstrual, hace que le sucedan cosas malas a una niña o su comunidad?', '¡Esto es falso! Es importante deshacerse de las toallas sanitarias o tampones correctamente envolviéndolos y tirándolos a la basura, o desechándolas de otras formas seguras. ¡Pero no hacerlo no hará te sucedan cosas malas! ', '1', 'es'), ('10e4cc53-8ea6-4a0a-8aa5-b4df53e3967b', '1c3c0b05-f0b9-47f4-ac24-09cc9ced15a0', 'ba95073e-831e-49c2-bc6c-29f9d84629dd', '¿Es cierto que saltar, correr, nadar, caer y levantar cosas pesadas pueden afectar mi período?', 'No hay base científica para esta creencia. Saltar, correr, nadar, caer o levantar objetos pesados ​​durante tu período no te afectará. No harán que tengas un flujo menstrual más abundante ni que aumente el dolor. 
 
 ¡De hecho, el ejercicio ayuda a aumentar el flujo sanguíneo y puede ayudar a reducir el dolor y los cólicos! ', '1', 'es'), ('d937b3ed-f02a-4c9d-9710-96d43f63c3fe', '1c3c0b05-f0b9-47f4-ac24-09cc9ced15a0', '49812971-2ff5-43eb-9d84-b34f9e396bf4', 'Me han dicho que es malo odiar mi período, ¡pero algunos días simplemente lo hago! ¿Está mal?', '¡Lo que sientas está bien! No es necesario que te avergüences de tu período, ¡pero no es necesario que lo disfrutes siempre! A veces habrá días malos.

Es posible que tengas sentimientos diferentes sobre tu período y que cambien de un mes a otro; eso está totalmente bien.

Cuídate y, si te sientes cómoda, comparte tus sentimientos con alguien en quien confíes, tal vez un amigo. ¡Podría ayudar!', '1', 'es'), ('02d154d8-868d-444b-8db4-71af0b217dad', '1c3c0b05-f0b9-47f4-ac24-09cc9ced15a0', '610e2716-ee79-4b10-8d6b-532888160794', 'Tengo miedo de tener mi primera menstruación', '¡Esperar tu primera menstruación puede ser aterrador y emocionante, pero todo estará bien y no debes tener miedo! 
 
Es posible que te sientas conmocionada o asustada al ver sangre en tu ropa interior, pero es completamente normal y natural. 
 
Para prepararte, habls con otras niñas y mujeres en las que confíes, como tu mamá, hermana, tía, abuela, amiga o mujer mayor de tu comunidad y pregúntales al respecto.

¡Cuando tenga tu primera menstruación, esperamos que te sientas orgullosa de estar creciendo de forma saludable y que tengas el conocimiento y la información que necesitas manejarla con confianza y seguridad!', '1', 'es'), ('9e9c38cc-eeb9-40b2-bf2c-f4aca6da0905', '2c65e8da-6ecc-4d69-8b5f-8856163e7dc8', 'fde03772-d7ac-48b2-81e0-ef11c639f3fe', '¿Cuál es la diferencia entre género y sexo?', 'Tu sexo está determinado biológicamente. Es el resultado de sus cromosomas, anatomía y hormonas. 
 
 El género está determinado socialmente. Se define por los roles, responsabilidades y comportamientos que se esperan de hombres y mujeres solo porque resultan ser hombres o mujeres. 
 
 El género varía dentro y entre culturas y cambia con el tiempo, pero el sexo es el mismo en todas partes .', '1', 'es'), ('f790cfa9-4f33-4481-8dee-0a9da5b31b3f', '2c65e8da-6ecc-4d69-8b5f-8856163e7dc8', '858bdb44-adce-4a9c-bd28-6bc5f87de507', '¿Qué tiene que ver la menstruación con los niños?', 'Los hombres y los niños afectan la forma en que las mujeres y las niñas experimentan sus períodos a través de sus roles como esposos, padres, hermanos, compañeros, maestros, líderes comunitarios, empresarios, empleadores y legisladores. 
 
 Los períodos pueden ser estresantes y vergonzosos para algunas chicas. Cuando los hombres y los niños son comprensivos y empáticos, los períodos menstruales son una mejor experiencia para las niñas y las mujeres ', '1', 'es'), ('2a9153a2-f109-4611-99a7-6c9a0205ef05', '2c65e8da-6ecc-4d69-8b5f-8856163e7dc8', '858bdb44-adce-4a9c-bd28-6bc5f87de507', '¿Cómo pueden los niños ayudar a las niñas durante sus períodos?', '“Crecer y convertirse en una persona solidaria significa aprender a apoyar y respetar a quienes te rodean, incluidas las niñas y las mujeres. 
 
 Los niños y los hombres deben tratar de comprender por qué tener un período puede ser estresante, doloroso o vergonzoso y mostrar empatía y apoyo. 
 
No deben bromear sobre la menstruación o sobre las niñas que tienen su período, sino educarse a sí mismos y a sus amigos sobre el período hablando con sus madres, hermanas y amigas, o accediendo a información de base científica y libre de tabúes para entender de mejor forma el ciclo menstrual-ovulatorio.', '1', 'es'), ('5bdf1a7d-40be-4348-b1f2-b2027cdfb895', '2c65e8da-6ecc-4d69-8b5f-8856163e7dc8', '858bdb44-adce-4a9c-bd28-6bc5f87de507', '¿Por qué los niños no menstrúan?', '¡Los niños no menstrúan porque sus cuerpos y sus órganicos sexuales pélvicos son diferentes a los de las niñas y mujeres!

Mientras que las niñas producen óvulos y menstrúan, los niños producen espermatozoides y un líquido llamado semen.
', '1', 'es'), ('b5f6fc2b-fd1a-4308-a566-196a1bdb4e65', 'cfd50728-b1fa-4e57-9087-a24faa1d7acc', '61a7b063-df6b-4065-bbd6-892a4e821942', '¿Cómo puedo mantenerme a la moda cuando tengo mi período?', 'Puedes usar lo que quieras durante tu período. El mejor consejo de moda es: ¡Sé fiel! Siéntete bien y cómoda con lo que usas, y comenzarás a sentirte segura. Recuerda que no '' No es necesario estar siempre a la moda, hay muchas más cualidades a las que las niñas pueden aspirar ', '1', 'es'), ('450f501c-04f5-4d30-a739-8b34086e63c6', 'cfd50728-b1fa-4e57-9087-a24faa1d7acc', '61a7b063-df6b-4065-bbd6-892a4e821942', '¿Qué ropa debo usar cuando tengo mi período?', 'Colores oscuros, colores calmantes, colores atrevidos ... ¡Lo que sea en lo que te sientas bien! Muchas niñas y mujeres eligen usar ropa más oscura y holgada durante su período para sentirse más cómodas, pero puedes usar lo que más te guste', '1', 'es'), ('0908c890-36ac-4ea3-a913-7ce138f67fe0', 'cfd50728-b1fa-4e57-9087-a24faa1d7acc', '61a7b063-df6b-4065-bbd6-892a4e821942', '¿Cuál es el mejor consejo de belleza cuando tengo la regla?', 'El mejor consejo de belleza: ¡mantente saludable! ¡Duerme lo suficiente, bebe mucha agua, come alimentos nutritivos y mantente activa haciendo ejercicio!

Además, sé tu misma, porque (incluso si es uno de esos días y no te apetece) ¡eres hermosa tal como eres!', '1', 'es'), ('f7a07a4c-06f9-4612-a987-a5db20b84dbc', 'cfd50728-b1fa-4e57-9087-a24faa1d7acc', '461d53cb-dc0e-4078-a252-df5d27f2b14e', '¿Puedo ir a la escuela cuando tenga mi período?', '¡Sí! Las niñas son libres de participar en cualquier actividad y hacer su vida normalmente. 
 
Para estar preparada en la escuela, es posible que desees guardar en tu mochila cosas como ropa interior, toallas sanitarias y cualquier otra cosa que normalmente necesites para manejar tu menstruación. 
 
 Si no está preparada para tu período, pide ayuda a una amiga o a una persona adulta en quien confíes. ', '1', 'es'), ('8ca60e2c-2c15-4bbd-9fc8-deda5b11f05c', 'cfd50728-b1fa-4e57-9087-a24faa1d7acc', '0559fdc7-1408-4cf0-b04b-4d7f01548392', 'Ánimo', 'Para levantarte, levanta a otra chica, ¡se puede sentir bien!', '1', 'es'), ('6e700016-573d-4277-8568-e5dbf25277cc', 'cfd50728-b1fa-4e57-9087-a24faa1d7acc', '0559fdc7-1408-4cf0-b04b-4d7f01548392', 'Ánimo', '¡Abraza tu poder único! Te mereces todo lo que deseas.', '1', 'es'), ('f9b84930-3576-4370-b511-8dd3da9ad657', 'cfd50728-b1fa-4e57-9087-a24faa1d7acc', '0559fdc7-1408-4cf0-b04b-4d7f01548392', 'Ánimo', '¡Si estás tratando de ser normal, nunca sabrás lo increíble que puedes ser! (Maya Angelou)', '1', 'es'), ('13d479ec-d6d7-4d35-a880-a6996c114a0f', 'cfd50728-b1fa-4e57-9087-a24faa1d7acc', '0559fdc7-1408-4cf0-b04b-4d7f01548392', 'Ánimo', 'La menstruación no es un problema', '1', 'es'), ('d8ca218d-d348-4f79-aa0e-4e3062250f71', 'cfd50728-b1fa-4e57-9087-a24faa1d7acc', '0559fdc7-1408-4cf0-b04b-4d7f01548392', 'Ánimo', 'Si te sientes deprimida o triste, intenta mantenerte activa con el deporte, el baile o cualquier ejercicio; busca compañía de un amigo o amiga o simplemente baila sola como si nadie te estuviera mirando', '1', 'es'), ('e156682b-6bc7-4b4d-a603-57b8dfedf2f6', 'cfd50728-b1fa-4e57-9087-a24faa1d7acc', '0559fdc7-1408-4cf0-b04b-4d7f01548392', 'Ánimo', '¡Cree en ti misma y serás imparable!', '1', 'es'), ('e3de3736-c46e-423e-b3d3-fb33c1e99b6c', 'cfd50728-b1fa-4e57-9087-a24faa1d7acc', '0559fdc7-1408-4cf0-b04b-4d7f01548392', 'Ánimo', 'Ser bella significa ser tú misma. ¡Eres hermosa!', '1', 'es'), ('5b697ceb-2410-4c71-97dd-9cf98e6136cf', 'ed78ffcb-c836-48ab-b2b8-df5e7080cdf1', '5d8e529c-8d94-4f49-b98e-61f8d1230922', '¿Cómo se produce un embarazo?', 'Un embarazo se produce cuando un espermatozoide se une con un óvulo, implantándose en el útero de la mujer.

Cuado se tienen relaciones sexuales con penetración pene-vagina, el semen (que contiene espermatozoides) viaja por la vagina de la mujer, a través del útero y hasta las tromas uterinas.

Si hay un óvulo ahí, normalmente el espermatozoide puede fecundarlo y formar un cigoto. Este cigoto se acomodará en las paredes del endometrio para producir un embarazo.', '1', 'es'), ('6daac1a7-e261-424d-81a2-a4ec1a1529d8', 'ed78ffcb-c836-48ab-b2b8-df5e7080cdf1', '1515a024-d8d5-4c05-a513-419abca0d350', '¿Qué son los días fértiles?', 'Tus días fértiles son los días en los que es más probable que quedes embarazada si tiene relaciones sexuales. 
 
Estos son los días posteriores a la liberación de un óvulo en uno de tus ovarios. Por lo general, esto es aproximadamente 14 días antes de que comience tu próxima menstruación. ', '1', 'es'), ('d3a09ccf-5481-4e1f-afa6-69cd444ef551', 'ed78ffcb-c836-48ab-b2b8-df5e7080cdf1', '1515a024-d8d5-4c05-a513-419abca0d350', '¿Cómo calcula Oky los días fértiles?', 'Si tienes un ciclo muy regular (lo que significa que siempre tienes tu período cada 26-32 días), Oky puede usar la duración de tu ciclo para predecir cuándo son tus días fértiles. 
 
Pero NO debes usar esta información para prevenir el embarazo, porque la ovulación puede cambiar de un mes a otro. Si tiene relaciones sexuales vaginales, usa siempre protección (como condones) para evitar el embarazo. ', '1', 'es'), ('e631b3cc-ce79-42d6-b084-919709da5c95', 'ed78ffcb-c836-48ab-b2b8-df5e7080cdf1', '7347ed10-c644-4ae3-93cb-26f0eb55207e', '¿Qué son los ''días seguros'' en los que puedo tener relaciones sexuales sin protección sin quedar embarazada?', 'Es cierto que hay algunos días durante el ciclo menstrual que son ''más seguros'' que otros, lo que significa que tus posibilidades de quedar embarazada son menores que en otros días. 
 
El problema es que es muy difícil de predecir cuándo lo serán porque nuestros ciclos a veces cambian de un mes a otro. Y recuerde que no hay días que sean seguros cuando se trata de infecciones de transmisión sexual (ITS) o VIH. Si tienes relaciones sexuales sin usar condón, puedes quedar embarazada o contraer una ITS, incluso durante tu período o justo después de que termina. 
 
 Incluso puedes quedar embarazada si nunca has tenido un período antes, durante tu primer período o la primera vez que tiene relaciones sexuales. 
 
Recuerda, no confíes en Oky para evitar el embarazo, ¡no está diseñado para ayudarte a lograrlo con éxito! ', '1', 'es'), ('aba5d88a-b773-4d99-963b-b6b7f1d73892', 'ed78ffcb-c836-48ab-b2b8-df5e7080cdf1', '7347ed10-c644-4ae3-93cb-26f0eb55207e', '¿Puedo tener relaciones sexuales durante mi período?', 'Sí, puedes tener relaciones sexuales durante tu período; no es dañino. Depende de la mujer y su pareja decidir si eso es algo que quieren hacer. 
 
 Algunas personas pueden sentirse incómodas al tener relaciones sexuales cuando la mujer tiene su período porque le resulta demasiado complicado o no le gusta ver la sangre del período, y esa es su elección. 
 
 Recuerda usar siempre un condón cuando tengas relaciones sexuales para protegerse de enfermedades y embarazos no deseados. ¡Aún puedes quedar embarazada si tiene relaciones sexuales sin protección durante tu período, si tienes un ciclo corto o si ovulas temprano! ', '1', 'es'), ('2f82b844-7f0c-4f39-a1fb-1a65f334d0b5', '0acb278d-7304-4c98-9a62-84bd9e838618', '1b194249-a3cc-4957-a99e-83376c8c466d', '¿Cuál es la diferencia entre la pubertad y la adolescencia?', 'La pubertad es un proceso biológico normal de crecimiento en el que nuestro cuerpo madura física y sexualmente. Tarda más o menos 5 a 7 años. 

La adolescencia comienza con los cambios emocionales que pueden acompañar la pubertad, pero es un periodo más largo, ya que abarca no solamente los cambios físicos, sino también psicológicos, emocionales y sociales para llegar a la adultez. Dura más o menos hasta que lleguemos a la mayoría de edad, a los 18 años. ', '1', 'es'), ('f3cbd2aa-779f-4964-b671-6ecef870c27b', '0acb278d-7304-4c98-9a62-84bd9e838618', '1b194249-a3cc-4957-a99e-83376c8c466d', '¿Qué es la adolescencia?', '“La adolescencia es el período que va de los 10 a los 19 años, cuando un joven se desarrolla de niño a adulto, física, emocional y socialmente. 
 
 Además de los cambios físicos en la pubertad, los jóvenes experimentan cambios emocionales y sociales: 
 
 • Los cambios emocionales incluyen tener sentimientos y estados de ánimo fuertes y que cambian rápidamente, y tener sentimientos y deseos sexuales. < br> • Los cambios sociales incluyen querer más privacidad e independencia de tus padres, querer encajar con tus compañeros, valorar más tus amistades y ¡interesarte en el amor y el romance! ', '1', 'es'), ('8aac9175-c0ed-400a-9397-dbcb64e7fb8b', '0acb278d-7304-4c98-9a62-84bd9e838618', '1b194249-a3cc-4957-a99e-83376c8c466d', '¿Qué les sucede a las niñas y los niños durante la pubertad? 
', 'Durante la pubertad, su cerebro envía mensajes a diferentes órganos para comenzar a producir hormonas, y estas hormonas hacen que su cuerpo se desarrolle. 
 
 Físicamente, la mayoría de las niñas se desarrollarán en este orden: 
 
 • Crecimiento de los senos , a menudo en un lado primero. Esto dura aproximadamente dos años. 
 • Crecimiento de vello en los genitales, generalmente unos meses después. 
 • La pared de la vagina se vuelve más gruesa y el útero y los ovarios se agrandan (las niñas ganaron ¡Por supuesto, no te darás cuenta de esto!) 
 • Los períodos comienzan, generalmente 2-3 años después de que comienza el crecimiento de los senos, lo que significa que las niñas ahora pueden quedar embarazadas. 
 • La cantidad de secreción vaginal aumenta. 
 • Axilas el cabello crece y el sudor tiene un olor más fuerte. 
 • Las niñas crecen más, a menudo de repente. 
 • Las caderas pueden ensancharse. 
 • Las voces pueden bajar un poco. 
 • La piel puede volverse más grasosa, a veces causando espinillas o acné ', '1', 'es'), ('cad131e5-b4eb-43b5-9566-03412fd590be', '0acb278d-7304-4c98-9a62-84bd9e838618', '1b194249-a3cc-4957-a99e-83376c8c466d', '¿Cuándo comienza la pubertad?', '“Para la mayoría de las niñas, la pubertad comienza entre los 8 y los 13 años, pero a veces puede comenzar un poco antes o después. 
 
 Todo el mundo atraviesa la pubertad, pero es normal que los cambios sucedan a diferentes velocidades para cada persona. El primer cambio que notarán las niñas es el crecimiento de los senos, a menudo de un lado primero. 
 
 Los niños comienzan la pubertad un par de años más tarde que las niñas, generalmente entre los 9 y los 14 años ”.', '1', 'es'), ('93998901-3d60-47bf-b17a-438e4c962a2a', '0acb278d-7304-4c98-9a62-84bd9e838618', '1b194249-a3cc-4957-a99e-83376c8c466d', '¿Qué es la pubertad?', 'La pubertad es un proceso biológico normal de crecimiento en el que nuestro cuerpo madura física y sexualmente. Tarda más o menos 5 a 7 años. ', '1', 'es'), ('42174543-f063-487e-b4dd-833e6e9cec9f', '01aed768-a866-48b8-812f-dd5549112bd0', '18ca518a-6ed1-40ac-8876-b162f3f59401', '¿Debo hacer ejercicio durante mi período?', '¡Sí, puedes hacer ejercicio durante tu período! 
 
 El ejercicio aumenta el flujo sanguíneo y puede ayudar a reducir el dolor y los cólicos que puedas tener. Puede que no te apetezca, pero trata de participar en tu clase de educación física en la escuela, incluso si tienes tu período.', '1', 'es'), ('69ae8db2-e130-4038-9f1a-47f5e5d8ef79', '01aed768-a866-48b8-812f-dd5549112bd0', '7a43adff-3381-4335-bf5b-09cd338b5c53', '¿Comer alimentos fríos causa cólicos?', 'Comer alimentos fríos no causa cólicos. 
 
Los cólicos son causados ​​por sustancias químicas, llamadas prostaglandinas, que hacen que los músculos del útero se contraigan y empujen la sangre y el tejido hacia la vagina. ¡Estos no se ven afectados por los alimentos fríos! ', '1', 'es'), ('c2886f53-c456-487d-9b16-4568959b9a0e', '01aed768-a866-48b8-812f-dd5549112bd0', '7a43adff-3381-4335-bf5b-09cd338b5c53', '¿Los períodos causan anemia o deficiencia de hierro?', 'Si no consume suficientes alimentos ricos en hierro para reemplazar el hierro que pierdes durante su período, es posible que tengas una deficiencia de hierro, llamada anemia, especialmente si tienes un flujo menstrual abundante. 
 
 Si te siente inusualmente cansado, débil o mareado, puedes estar anémico y debes consultar a un profesional de la salud. Es posible que puedas prevenir la anemia comiendo alimentos ricos en hierro o puede que necesites tomar tabletas de hierro. ', '1', 'es'), ('a13a30d2-392f-46a3-b14f-687489fcd4bb', '01aed768-a866-48b8-812f-dd5549112bd0', '7a43adff-3381-4335-bf5b-09cd338b5c53', '¿Qué debo comer cuando tenga mi período?', 'Puedes comer todo tipo de alimentos como lo haces normalmente. Es una buena idea comer alimentos que contengan hierro para reemplazar el hierro perdido durante tu período, como carnes rojas, lentejas rojas y vegetales de hojas verdes. 
 
 Comer frutas frescas y alimentos con alto contenido de calcio puede aliviar algunos síntomas del síndrome premenstrual (SPM). ¡Bebe mucha agua también!', '1', 'es'), ('442cadbf-9d98-49fe-b3fb-cfa6e28a7b52', '01aed768-a866-48b8-812f-dd5549112bd0', '7a43adff-3381-4335-bf5b-09cd338b5c53', '¿Qué alimentos NO debo comer durante mi período?', '¡Puedes comer todos los alimentos durante tu período! Como siempre es el caso, es mejor comer de manera saludable con verduras y frutas frescas, y evitar demasiados alimentos procesados ​​si puedes', '1', 'es'), ('e2d1b709-f83f-45b9-83c2-c0079a56b0bc', '01aed768-a866-48b8-812f-dd5549112bd0', '7a43adff-3381-4335-bf5b-09cd338b5c53', '¿Comer ciertos alimentos hace que cambie el olor de mi flujo menstrual?', 'No, comer ciertos alimentos no cambia el olor de tu flujo menstrual. ¡Puedes comer lo que quieras mientras estás en tu período! Si puedes, consume alimentos que tengan mucho hierro y calcio ', '1', 'es');

INSERT INTO "quiz" ("id", "topic", "question", "option1", "option2", "option3", "right_answer", "wrong_answer_response", "right_answer_response", "isAgeRestricted", "live", "lang") VALUES ('b8105ec6-c1d2-4823-ad33-f8697b6b1795', 'menstruación y ciclo menstrual', 'Si tu período no llega, definitivamente estás embarazada 🤔 ', 'verdadero ', 'falso ', 'NA', '2', '¡La respuesta fue falsa! El estrés, el cansancio extremo 😫 o la mala nutrición también pueden hacer que pierdas tu período ', '¡Tienes razón! El estrés, el cansancio extremo 😫 o la mala nutrición también pueden hacer que pierdas tu período', '0', '0', 'es'), ('d020bca3-0a26-4273-8fe0-8b90348b57db', 'Salud, nutrición y ejercicio', 'Comer ciertos alimentos puede cambiar el olor de la sangre de tu período', 'verdadero ', 'falso ', 'NA', '2', '¡Incorrecto! Nada de lo que comas afectará el olor de la sangre de tu período, ¡así que come lo que quieras! 😋 ', '¡Correcto! Nada de lo que comas afectará el olor de la sangre de tu período, ¡así que come lo que quieras! 😋 ', '0', '0', 'es'), ('9af9aa59-eac6-4086-8326-63ec53ea8c67', 'Salud, nutrición y ejercicio', 'Los mareos durante tu período no son normales''😵 
', 'verdadero ', 'falso ', 'NA', '1', 'No es verdad''! Los mareos, la debilidad y el cansancio excesivo pueden ser signos de deficiencia de hierro (anemia). Si ee sientes así con frecuencia, consulta a un médico.', '¡Así es! Los mareos, la debilidad y el cansancio excesivo pueden ser signos de deficiencia de hierro (anemia). Si te siente así con frecuencia, consulta a un médico.', '0', '0', 'es'), ('0cff6926-4d91-493d-8a12-0c8e88fdf651', 'pubertad', 'La pubertad y la adolescencia son lo mismo. 
', 'verdadero ', 'falso ', 'NA', '2', '¡La respuesta fue ''falsa''! La pubertad es cuando el cuerpo de una persona joven atraviesa cambios físicos. La adolescencia es todo el viaje para llegar a la adultez a través de cambios sociales y emocionales. 👦🧔 ', '¡Tienes razón, era ''falso''! La pubertad es cuando el cuerpo de una persona joven atraviesa cambios físicos. La adolescencia es todo el viaje para llegar a la adultez a través de cambios sociales y emocionales. 👦🧔', '0', '0', 'es'), ('2eabea6d-ddfd-484e-a62c-1662e23765f3', 'Planificación familiar', 'Un embarazo se produce cuando el esperma de un hombre se une al óvulo de una mujer', 'verdadero ', 'falso ', 'NA', '1', '¡En realidad es ''verdad''! Cuando un hombre eyacula durante el sexo, libera millones de espermatozoides diminutos en la vagina, que nadan hacia el útero', '¡Así es! Cuando un hombre eyacula durante el sexo, libera millones de espermatozoides diminutos en la vagina, que nadan hacia el útero', '0', '0', 'es'), ('b5c22b06-f8a9-4c79-aafc-f115debaba2d', 'Niños, hombres y relaciones', 'El sexo y el género son la misma cosa❓ 
', 'verdadero ', 'falso ', 'NA', '2', '¡Era ''falso''! El sexo se define por tus cromosomas (masculinos o femeninos) 🔬 El género son las reglas establecidas por la sociedad sobre cómo debes comportarte como hombre o mujer', 'Así es, el sexo se define por tus cromosomas (masculinos o femeninos). El género son las reglas establecidas por la sociedad sobre cómo debes comportarte como hombre o como mujer', '0', '0', 'es'), ('19d303ac-3fdb-4d00-bcc5-e64c60d0cd96', 'Planificación familiar', 'Es posible quedar embarazada incluso si nunca has menstruado
', 'verdadero ', 'falso ', 'NA', '1', '¡¡En realidad es ''verdad'' !! 😲 Incluso si aún no ha comenzado su período, es posible que su cuerpo haya liberado un óvulo que podría ser fertilizado', '¡Sí, es verdad! 😲 Incluso si aún no ha comenzado su período, es posible que su cuerpo haya liberado un óvulo que podría ser fertilizado', '0', '0', 'es'), ('6da9f182-9528-41f2-9eec-410f7533691f', 'menstruación y ciclo menstrual', 'Las creencias sobre los períodos son una de las cosas que hacen que las niñas sean discriminadas😕 
', 'verdadero ', 'falso ', 'NA', '1', '¡Era ''verdad''! Las creencias incorrectas sobre los períodos pueden llevar a que las niñas sean discriminadas. 😲 
', '¡Tienes razón! Las creencias incorrectas sobre los períodos pueden llevar a que las niñas sean discriminadas. 
', '0', '0', 'es'), ('136b242f-fa0f-42a2-912f-b4b3cba16f6d', 'menstruación y ciclo menstrual', '¿Cuántos días debe haber entre cada período? 🗓 
 ', 'Entre 15-20.', '28 exactamente ', 'Entre 21 - 35', '3', '¡Lo siento, la respuesta fue 3! Los períodos suelen durar entre 21 y 35 días y, a veces, más o menos que eso. Esto varía de una niña a otra y de un período a otro. ☺️ ', '¡Correcto! Los períodos suelen durar entre 21 y 35 días y, a veces, más o menos que eso. Esto varía de una niña a otra y de un período a otro.', '0', '0', 'es'), ('894f85bf-701c-473e-9976-8eb2cd22506b', 'higiene', '¿Cuál es la forma correcta de mantener una buena higiene durante tu período? 💦 
 ', 'No debes lavarte durante tu período.', 'Lava las partes íntimas (vulva) con agua limpia.', 'Lava el interior de la vagina con agua', '2', 'La respuesta fue 2: debe lavarse con agua limpia la parte exterior de sus partes íntimas (vulva). No es necesario lavarse el interior de la vagina, ya que esto puede causar una infección', '¡Tienes razón! Nunca te laves dentro de la vagina ya que esto puede causar una infección. Solo lávate con agua limpia tu vulva', '0', '0', 'es'), ('a3022e2a-8c32-4a2c-b1c5-b69f49ac6228', 'menstruación y ciclo menstrual', '¿Qué causa los cólicos menstruales? 🙄 
 ', 'Sustancias químicas en tu cuerpo', 'Mala comida', 'Nadie lo sabe.', '1', '¡UPS! La respuesta fue 1: el cuerpo produce sustancias químicas llamadas prostaglandinas que causan calambres. Los cólicos ayudan a sacar el revestimiento del útero. ⬇️ ', '¡Así es! Su cuerpo produce sustancias químicas llamadas prostaglandinas que causan calambres. Los cólicos ayudan a expulsar el revestimiento del útero. .️', '0', '0', 'es'), ('37253a5d-271e-4803-af61-5a4ad7797819', 'Niños, hombres y relaciones', '¿A qué edad comienzan los varones la pubertad? 👦🏽 
 ', 'Entre 9-14', 'Entre 9-10', 'Entre 13-16', '1', 'Oops, esto es es incorrecto! La pubertad de los niños suele comenzar entre los 9 y los 14 años. ¡Es un poco más tarde que para las niñas 🙋♀️ donde la pubertad puede comenzar desde los 8 años!', 'Así es, la pubertad de los niños generalmente comienza entre los 9 y los 14 años. Eso es un poco más tarde que para las niñas, ¡donde la pubertad puede comenzar a los 8 años!', '0', '0', 'es'), ('401100f5-0b6f-4126-b839-0d97e33c7820', 'pubertad', '¿Cuáles son 2 signos de la pubertad? 🤔 
 ', 'Pies en crecimiento y mal aliento', 'Cambio de color de ojos y piernas peludas', 'Olor más fuerte y vello en las axilas', '3', '¡Incorrecto! Cuando atravieses la pubertad, es posible que notes que tu sudor huele más fuerte😬 y desarrollarás vello debajo de los brazos, así como otros cambios ', '¡Lo tienes! Cuando atravieses la pubertad, es posible que notes que tu sudor huele más fuerte😬 y desarrollarás vello debajo de los brazos, así como otros cambios ', '0', '0', 'es'), ('018de4ba-442f-4ecb-9439-822798d0249c', 'manejo de la menstruación', 'Solo debes usar un tampón si ya no eres virgen🤔 ', 'verdadero ', 'falso ', 'NA', '2', '¡Incorrecto! Cualquiera puede usar un tampón. 👍 El himen generalmente se estira para dejar pasar la punta del tampón. 
 ', '¡Correcto! Cualquiera puede usar un tampón. 👍 El himen generalmente se estira para dejar pasar la punta del tampón ', '0', '0', 'es'), ('13b834b5-177d-44cb-9704-17e9b073698d', 'menstruación y ciclo menstrual', 'Si la sangre menstrual es marrón o negra, es una señal de que algo anda mal', 'verdadero ', 'falso ', 'NA', '2', '¡Vaya, no, era falso! No hay necesidad de preocuparse, ¡el color de la sangre menstrual puede variar de rosado, rojo, marrón, casi negro! 👍 ', '¡Tienes razón, era falso! No te preocupes: ¡el color de la sangre menstrual puede variar de rosado, rojo, marrón, casi negro!', '0', '0', 'es'), ('9d1f962a-6ec0-496b-ac46-a07a5b6a66d8', 'Salud, nutrición y ejercicio', '¿Por qué el ejercicio contribuye a disminuir los cólicos?', 'Hacer ejercicio te ayuda a perder peso y las personas delgadas no tienen cólicos', 'Hacer ejercicio te quita la mente del dolor', 'El ejercicio aumenta el flujo de sangre alrededor de tu cuerpo', '3', '¡Te equivocas esta vez! Hacer ejercicio es una excelente manera de hacer que la sangre fluya en cualquier lugar donde puedas sentir dolor durante tu período. 😀 ', '¡Lo tienes! Hacer ejercicio es una excelente manera de hacer que la sangre fluya en cualquier lugar donde puedas sentir dolor durante tu período. 😀 ', '0', '0', 'es'), ('b8b56cab-6ad7-4fc7-b6eb-6c4d2f5c7c34', 'Planificación familiar', '¿En qué situaciones está bien tener relaciones sexuales durante tu periodo?', 'Siempre está bien. 
', 'Siempre que ambos partes estén de acuerdo. 
', 'Solo si dices una bendición primero', '2', '¡La respuesta fue 2! No hay nada de malo en tener relaciones sexuales durante la menstruación. 🙂 ¡Pero aún es posible quedar embarazada, así que asegúrate de usar anticonceptivos!', 'Exactamente, no hay nada de malo en tener relaciones sexuales durante la menstruación. 🙂Pero aún es posible quedar embarazada, ¡así que asegúrate de usar un método anticonceptivo!', '0', '0', 'es'), ('9adfe254-be17-445d-98d9-8f82d1a36833', 'Niños, hombres y relaciones', '¿Por qué los niños se burlan de las niñas durante sus períodos? 😠 ', 'Porque es su derecho. 
', 'Porque están confundidos. 
', 'Porque están aburridos', '2', '¡Incorrecto! A los niños, como a las niñas, no se les da suficiente información sobre los períodos. .Esto puede hacerlos sentir confusos, tal vez incluso celosos por esta cosa especial que experimentan las niñas', '¡Respuesta correcta! A los niños, como a las niñas, no se les da suficiente información sobre los períodos. Esto puede hacerlos sentir confusos, tal vez incluso celosos por esta cosa especial que las niñas experimentan', '0', '0', 'es'), ('e17d3713-be7a-44b9-859d-317b151843c4', 'periodos y vida', '¿Quién puede tener períodos? 🤨 ', 'Sólo las niñas', 'Niñas y niños 
', 'niñas, mujeres, personas transgénero o no binarias', '3', '¡La respuesta fue 3! Las niñas que se sienten más cómodas viviendo como hombres se llaman transgénero. Continuarán teniendo sus períodos a menos que tomen un medicamento especial. 💊 ', '¡Derecha! Las niñas que se sienten más cómodas viviendo como hombres se llaman transgénero. Continuarán teniendo sus períodos a menos que tomen un medicamento especial ''', '0', '0', 'es'), ('bf8460f8-7605-4882-a03f-5925b261de29', 'Planificación familiar', '¿Cómo pueden las niñas prepararse para su primer período? 🤔 ', 'Empieza a usar dos pares de ropa interior.', 'Habla con otras niñas y mujeres sobre qué esperar. 
', 'Trata de no pensar en ello.', '2', 'La respuesta fue 2: aunque tu primer período puede ser un shock, es útil hablar con amigos o familiares que han estado allí antes. ¡No estás sola! ☺️', 'Bien, aunque tu primer período puede ser un shock, realmente ayuda hablar con amigos o familiares que han estado allí antes. ¡No estás sola! ☺️', '0', '0', 'es'), ('97a4c018-e1f3-4324-8310-d2939ffd56e9', 'Planificación familiar', '¿Qué deben evitar hacer las niñas durante su período? 😳 
 ', 'Ejercicio', 'Preparación de comida', 'Nada', '3', '¡La respuesta fue 3! ¡Las niñas pueden hacer lo que quieran cuando tienen su período! 👏 Algunas reglas pueden restringirlas, pero no hay una razón científica para ello ', '¡Bravo! ¡Las niñas pueden hacer lo que quieran cuando tienen su período! Algunas reglas pueden restringirlas, pero no hay una razón científica para esto', '0', '0', 'es');

INSERT INTO "did_you_know" ("id", "title", "content", "isAgeRestricted", "live", "lang") VALUES ('3478c8bf-a904-4576-81cb-b29c402e02a9', 'Menstruación y ciclo menstrual', '¡Solo la mitad de la ''sangre menstrual'' es en realidad sangre! 😮 El resto está hecho de sustancias naturales que recubren el útero y la vagina', '0', '0', 'es'), ('fc0bc833-1e39-4881-8fb2-a6bc991baf43', 'Menstruación y ciclo menstrual', 'Los días entre cada período (ciclo menstrual) pueden ser entre 21 y 31, ¡todas somos diferentes! ☺️ ', '0', '0', 'es'), ('93f17504-8ad0-4d75-ae02-80c06e064473', 'Menstruación y ciclo menstrual', 'El útero prepara un nuevo revestimiento cada mes en preparación para un óvulo fertilizado, llamada endometrio. ¡Tu menstruación es el endometrio que sale cuando el óvulo no es fertilizado! ⤵️ ', '0', '0', 'es'), ('baaa6031-6600-4895-92c2-b71880888653', 'Manejo de la menstruación', 'No es necesario que laves el interior de la vagina durante tu período (¡o nunca!), Ya que esto podría aumentar la probabilidad de infecciones 🤒', '0', '0', 'es'), ('f29dca80-fdd8-4b6d-bec9-22faa5046b95', 'Manejo de la menstruación', 'Los cólicos menstruales son causados ​​por la contracción de tu útero para expulsar el revestimiento acumulado durante tu ciclo menstrual. 😖 ', '0', '0', 'es'), ('88ea2c7f-f4a5-4b1b-8e23-8568bd01e934', 'Manejo de la menstruación', 'Usar un tampón NO significa que ya no eres virgen. Perder la virginidad solo ocurre si tienes relaciones sexuales', '0', '0', 'es'), ('342a70c3-b4be-43d8-9a0d-6089bca653d9', 'Salud, nutrición y ejercicio', 'Es bueno comer alimentos ricos en hierro como carnes rojas, lentejas o verduras de hoja verde cuando tienes la regla 🥩🥦', '0', '0', 'es'), ('ce39b661-644f-4b46-8204-b1ed814d37dd', 'Salud, nutrición y ejercicio', 'Comer alimentos fríos no causa más cólicos durante tu período. ¡Pero es cierto que los alimentos calientes pueden ser reconfortantes! 🍚', '0', '0', 'es'), ('bb92e6d5-85f2-47f0-b328-8e150df55631', 'Salud, nutrición y ejercicio', 'No evites hacer ejercicio durante tu periodo, ya que puede incluso ayudarte a reducri los cólicos menstruales.', '0', '0', 'es'), ('5d5036d2-111a-4610-9ffc-cfae5dba45a1', 'Pubertad', 'El primer signo de la pubertad suele ser el crecimiento de los senos, seguido del vello en los genitales y las axilas y, más tarde, ¡la menstruación! 😯 ', '0', '0', 'es'), ('852281d4-97be-489c-bba6-9fe350c572ca', 'Pubertad', 'La pubertad es cuando comienzas a cambiar de niña pequeña a mujer.', '0', '0', 'es'), ('294fc980-1812-4bab-902d-862a01d2c2f8', 'Pubertad', 'El aumento de peso, volverse repentinamente más alto o tener la piel grasa son todos signos de la llegada de la pubertad. ¡Molesto, pero normal! 👍 ', '0', '0', 'es'), ('3927d36f-3bb3-4fab-a0e5-8bd98b2b9f89', 'Planificación familiar', 'Es posible quedar embarazada cuando tienes tu período, por ejemplo, si liberas un óvulo antes de lo habitual', '0', '0', 'es'), ('dd60b2c0-6d06-42af-b8e8-0869b6ff9d51', 'Planificación familiar', 'No existen "días seguros" para evitar un embarazo, a menos que uses protección (como un condón) para protegerte, incluso de infecciones sexuales.', '0', '0', 'es'), ('e82c0afa-f062-4ee7-8e12-6fa2bf862c59', 'Planificación familiar', 'No hay nada de malo en tener relaciones sexuales durante tu período, siempre que ambos miembros de la pareja estén de acuerdo. 🤝 ¡Solo recuerda usar protección! ', '0', '0', 'es'), ('fd7c5b8e-a667-438a-b5f8-08bd89269460', 'Niños, hombres y relaciones', 'Los niños deben preocuparse por la regla porque afecta la salud y la felicidad de las niñas y mujeres que aman. 👫 ', '0', '0', 'es'), ('903aea7d-04ee-47b6-a7e6-e0f89c5560ae', 'Niños, hombres y relaciones', 'Los niños que quieran ayudar a las niñas cuando tienen su período pueden comenzar haciendo preguntas y escuchando las experiencias de las niñas.', '0', '0', 'es'), ('c52d1fbf-e856-4acb-b853-bd16342a9878', 'Niños, hombres y relaciones', 'Los niños no tienen períodos porque no tienen útero ni producen óvulos. En su lugar, producen esperma', '0', '0', 'es'), ('a1b0742e-9739-44a8-8410-9d8dce73ea6b', 'Mitos y sentimientos', 'Tener tu período no significa que esté lista para casarte ... ¡también debe ser emocionalmente madura antes del matrimonio! 👏', '0', '0', 'es'), ('6d0b3bd7-5bb9-4f98-8e3e-8a4b305f57ba', 'Mitos y sentimientos', 'No hay ninguna razón científica por la que las niñas deban vivir, comer o dormir por separado durante sus períodos. 😐 ', '0', '0', 'es'), ('82801937-e53b-4efe-a6f3-30424c1bfaeb', 'Mitos y sentimientos', 'En muchas culturas, la primera menstruación de una niña es motivo de celebración 🎉', '0', '0', 'es'), ('1a7aafb5-4c9b-49d3-8e14-a064be073705', 'Periodos y vida', '¡El mejor consejo de belleza es comer comida variada y saludable, tomar mucha agua, mantenerte activa y dormir mucho! 🥕 💦🏃‍♀️😴', '0', '0', 'es'), ('f230aa65-a4fd-45e0-8ab4-2a30f4e35d38', 'Periodos y vida', 'Aunque los períodos son normales y saludables, está bien que no te gusten 😡', '0', '0', 'es'), ('e2d8e873-1ac8-4082-b216-d21ec51c4870', 'Periodos y vida', '¿Deprimida? El ejercicio como correr, saltar o bailar puede devolverle una sonrisa a tu cara', '0', '0', 'es');

INSERT INTO "help_center" ("id", "title", "caption", "contactOne", "contactTwo", "address", "website", "lang") VALUES (1, 'National Psychology Centre', 'Mongolia', '+976 7732 4233', '+23 1209381', '', 'https://www.facebook.com/NationalPsychologyCenter/', 'es'), (2, 'TEPSA (Telepon Pelayanan Sosial Anak)', 'Indonesia', '1 500 771 ', '+62 812 38888 002 (Whatsapp)', 'Jl. P.P.A, RT.5/RW.1, Bambu Apus, Kec. Cipayung, Kota Jakarta Timur, Daerah Khusus Ibukota Jakarta 13890', 'https://kajsdl.com', 'es'), (3, 'Childline Kenya', 'Kenya', '116', '+254 722 116 116', '', 'www.childlinekenya.co.ke', 'es'), (4, 'NSPCC/ Childline UK', 'United Kingdom', '0800 1111', '', '', 'www.childline.org.uk', 'es'), (5, 'Kids Helpline', 'Australia', '1800 55 1800', '', '', 'www.kidshelpline.com.au', 'es'), (6, 'HDI Nigeria', 'Nigeria', '0808 0551 376', '', 'facebook.com/hdinigeria', 'hdinigeria.org/hdinigeria', 'es'), (7, 'Childline Thailand 1387', 'Thailand', '1387', '', 'info@childlinethailand.org', 'childlinethailand.org', 'es'), (8, 'Childline India Foundation', 'India', '1098', '', 'facebook.com/ChildlineIndiaFoundation', 'www.childlineindia.org', 'es'), (9, 'Childhelp', 'US', '800 4224453', '', '', 'www.childhelp.org', 'es');

INSERT INTO "avatar_messages" ("id", "content", "live", "lang") VALUES ('b1d3a525-04ee-4e2f-ad64-62becb21ef7c', 'Gracias por ser mi amiga', '0', 'es'), ('7832d7d9-9f29-47fd-879b-dd81d57370fd', 'Cuida tu cuerpo y tu mente', '0', 'es'), ('44d4b110-46d9-4538-8002-3c477d5dae3a', '¡Nos apoyamos mutuamente! ¡Eso es lo que hacen las chicas!', '0', 'es'), ('c1f20d69-6d0e-4655-9efc-6e1e138d8f56', 'Las mujeres estamos ahí una para la otras', '0', 'es'), ('b10c664a-5859-4308-88c5-aea031ba69af', 'Las amias se cuidan unas a otras', '0', 'es'), ('5c716599-7ae6-4e1b-8d8b-ce62204b665a', 'Recuerda siempre cuidarte', '0', 'es'), ('ecd35a05-4320-46d3-afea-406a9ad2cc86', 'Generas amor cuando te amas a ti misma', '0', 'es'), ('e60451a7-166f-4e4a-b3fe-4d04699def78', 'Conocerte es amarte', '0', 'es'), ('3a994170-ad2d-4b30-b974-7173e14a918f', '¡Tu período no tiene por qué ser un misterio!', '0', 'es'), ('086b70a9-6064-4cc7-8a3b-5209739df124', 'Aprende a escuchar tu cuerpo', '0', 'es'), ('7b4bc345-dc65-4351-bb8b-05e1d78b08d9', 'Conocer tu cuerpo te hace sentir bien', '0', 'es'), ('0559e91c-e2d2-49ec-825a-376b8a89bd6b', 'Comparte lo que has aprendido con una amiga', '0', 'es'), ('ddb54760-b050-41ce-a9f4-e1f93b85330c', '¡Eres genial, no lo olvides!', '0', 'es'), ('b2f5c336-777f-4a12-bb34-16fa0223cdb4', 'Saludable y sentirse bien, ¡ese es el objetivo!', '0', 'es'), ('e7af1da2-8c52-4f12-96f8-f2c5c5e2b306', '¿se siente bien conocerte a ti misma?', '0', 'es'), ('c15f217b-014c-46b2-ad3d-2c68b781be07', 'Confianza es conocerte y amarte', '0', 'es'), ('31c51531-f7e0-4a0f-a4bb-7ef07aee27d6', '¿El secreto para una vida plena? ¡Conocerte!', '0', 'es'), ('a3518a09-bf31-4d2a-8317-62ba88364204', 'Tu cuerpo, tu futuro, tu vida.', '0', 'es'), ('dbf72752-27d7-4350-b332-bd3c7e7ec2a1', 'Conocerte te da energía positiva', '0', 'es'), ('c319854f-68c6-4e9e-bc94-5993bfb3a852', 'Vivir=aprender. ¿Qué aprendiste hoy?', '0', 'es'), ('b8ff0419-a3b8-4cc2-8d6b-1c17d577c1a7', '¿Qué agradeces el día de hoy?', '0', 'es'), ('19fa7174-f5c5-4b18-a88f-85e90388215c', 'Compartir conocimiento contigo me hace feliz', '0', 'es'), ('a46ea48c-fc69-4d7e-8bde-e4e95d3bc433', 'Buen trabajo aprendiendo sobre tu cuerpo el día de hoy', '0', 'es'), ('cb3d577b-c954-4920-a13a-1ac21d009ffb', 'Conoce tus periodos, conoce tus patrones y cómo te sientes', '0', 'es'), ('2a3f5770-8fb5-41eb-ac4b-ad633d71d341', 'Conocerte es un camino', '0', 'es'), ('a1536d10-612c-4f7c-9219-fcf9c8284209', 'Las niñas deben apoyarse unas a otras', '0', 'es'), ('fcc1e055-a5d7-4640-9bcd-afdaf4f316f2', 'Recuerda que saber sobre tu cuerpo es tu derecho', '0', 'es'), ('5a345195-cf34-4d76-bf3a-9b8146c61809', 'Entre más sepas, mejores decisiones pordrás tomar en la vida', '0', 'es'), ('45865d8d-3f16-4b4a-8c0a-e37779354e15', '¡Hola! Espero que estés teniendo un gran día.', '0', 'es'), ('812dc0f1-132f-49db-815d-c087d792c58d', '¿Qué vas a hacer hoy?', '0', 'es'), ('f8691f9e-ef20-4e35-9beb-31978f0075c9', 'Espero que estés bien', '0', 'es'), ('859c4c8e-507f-44dd-aa07-215c4e093ab6', '¡Tócame para mostrarme amor!', '0', 'es'), ('f20e3e36-b5a3-4962-8643-74a15defc760', '¡Oye! ¡Espero que estés recordando ser solo TÚ!', '0', 'es'), ('bd76a241-6b05-4364-a11f-5970a22f8082', '¡Hola! ¡Me alegro mucho de verte!', '0', 'es'), ('e2f70316-c90e-45c0-9372-3f8958f2dc99', 'Tocarme me levanta el ánimo, ¡yo también te levantaré a ti!', '0', 'es'), ('85daa726-406f-4c8d-b885-98c2473fd384', '¿Cómo estás hoy?', '0', 'es'), ('419dd8fe-7b3e-4157-9594-287487a7a16f', 'Completa tu diario para ganar estrellas!', '0', 'es'), ('08b7647f-a0ff-4a95-a671-be7ee01714ab', '¿Qué está pasando hoy? ¡Registra cómo te sientes en tu diario!', '0', 'es');

INSERT INTO "privacy_policy" ("json_dump", "timestamp", "lang") VALUES ('[{"type":"HEADING","content":"POLÍTICA DE PRIVACIDAD OKY a"},{"type":"CONTENT","content":"POLÍTICA DE PRIVACIDAD OKY a"},{"type":"CONTENT","content":"El cuidado de su información es importante para Oky. Hacemos todo lo posible para que la información que ingrese en la aplicación se mantenga lo más privada y segura posible. La información que comparte sobre su ciclo menstrual es muy personal y la respetamos. \n \n Cuando ingresa información en la aplicación, Oky usa la tecnología para convertir esos ''datos'' en información útil que puede ayudarlo a aprender más sobre sus patrones de ciclo menstrual, para permitirle tomar el control de su cuerpo y su salud: por ejemplo, brindándole información sobre cómo manejar la menstruación o el dolor. \n \n Nuestro objetivo es alcanzar los más altos estándares de privacidad y seguridad y estamos comprometidos a ser transparentes sobre cómo procesamos y usamos los datos "},{"type":"HEADING","content":"Esta Política de privacidad explica qué sucede con los datos que ingresa cuando realiza un seguimiento de su período: cómo se recopila, almacena y usa su información, y qué pasos tomamos para garantizar que sus datos permanezcan seguros. \n \n Lea nuestra Política de privacidad Póliza cuidadosamente antes de usar Oky y consúltela con regularidad para verificar si hay actualizaciones. Recuerde, al acceder y utilizar la aplicación o el sitio web, acepta esta Política de privacidad. \n \n Oky está hecho por UNICEF. No dude en ponerse en contacto con nosotros si tiene alguna pregunta sobre el uso de datos en Oky. Hay un formulario de contacto en el sitio web de Oky: "},{"type":"CONTENT","content":"«1. ¿Qué información recopila Oky sobre usted?"},{"type":"HEADING","content":"A los efectos de esta Política de privacidad, \"Información personal\" significa cualquier información que nos permita identificar a un individuo, directa o indirectamente, por referencia a un identificador como nombre, número de identificación, datos de ubicación, identificador en línea o uno o más factores. específico para el individuo. \n \n A continuación se describen los fines para los cuales obtenemos y procesamos información personal y las fuentes y tipos de datos procesados ​​para estos fines: ''"},{"type":"HEADING","content":"1.1 Para brindarle nuestros servicios y comprender sus necesidades"},{"type":"CONTENT","content":"Información Entrar"},{"type":"HEADING","content":"Para utilizar las funciones de seguimiento del período en la aplicación, debe crear un inicio de sesión. Durante la creación de inicio de sesión, le pedimos una pantalla o nombre de usuario, fecha de nacimiento, sexo y ubicación. Le recomendamos que seleccione un nombre para mostrar que no revele su nombre real u otra información que pueda identificarlo, especialmente si es menor de 18 años "},{"type":"CONTENT","content":"Datos del dispositivo"},{"type":"CONTENT","content":"En la aplicación, recopilamos información sobre el dispositivo que utiliza para acceder a los servicios de Oky, como el modelo, el sistema operativo, el idioma, la ubicación y la duración de la sesión"},{"type":"CONTENT","content":"Cuando usa la aplicación, nosotros y nuestros proveedores de servicios externos procesamos datos sobre cómo está interactuando con la aplicación. Usamos un centro de aplicaciones junto con algunas funciones de seguimiento creadas a medida para registrar estas interacciones "},{"type":"CONTENT","content":"Hacemos esto para comprender su uso de nuestros servicios, por ejemplo, qué funciones de la aplicación está utilizando y para asegurarnos de que todas las características proporcionadas por la aplicación funcionan correctamente. Recopilamos esta información y la usamos para comprender mejor qué funciones son más útiles para todos nuestros usuarios y para comunicarnos con usted sobre la aplicación y sus servicios. \n \n \n Por ejemplo, actualmente estamos rastreando si el usuario está modificando el inicio de su período, ya que esto proporciona información detallada sobre la precisión de las predicciones "},{"type":"CONTENT","content":"También hacemos esto para permitirnos enviar recordatorios a su teléfono inteligente a través de mensajes dentro de la aplicación y notificaciones automáticas. Puede cambiar la forma en que recibe las notificaciones en la aplicación y en su dispositivo en cualquier momento yendo a Configuración "},{"type":"CONTENT","content":"En resumen, procesamos estos datos para brindarle el mejor servicio posible a través de Oky"},{"type":"CONTENT","content":"No procesamos datos personales que lo identifiquen como persona (como su nombre, apellido, correo electrónico) o datos relacionados con la salud"},{"type":"HEADING","content":"Del mismo modo, utilizamos Google Analytics para realizar un seguimiento de las interacciones de un usuario con el sitio web. Esto nos permitirá evaluar qué páginas se han visitado más, la duración de cada visita, etc. "},{"type":"CONTENT","content":"Cómo se recopila esta información"},{"type":"CONTENT","content":"En nuestro sitio web (https://okyapp.info/), utilizamos cookies, que son pequeños archivos de texto que identifican su computadora, teléfono y otros dispositivos en nuestro servidor. Al utilizar el sitio web, usted acepta la colocación de cookies y tecnologías similares en su navegador de acuerdo con esta Política de privacidad. La información recopilada de esta manera a través del sitio web incluye su dirección IP, ubicación de red, qué navegador está utilizando, identificadores y características del dispositivo, versión del sistema operativo, preferencias de idioma, URL de referencia e información sobre el uso de nuestro sitio web."},{"type":"CONTENT","content":"También trabajamos con Google Analytics, que utiliza cookies y tecnologías similares para recopilar y analizar información sobre el uso del sitio web e informar sobre actividades y tendencias. Puede obtener más información sobre las prácticas de Google en https://www.google.com/policies/privacy/partners/."},{"type":"HEADING","content":"Si no desea que se recopile información mediante el uso de cookies, la mayoría de los navegadores le permiten rechazar automáticamente las cookies o tener la opción de rechazar o aceptar la transferencia a su computadora de una cookie en particular (o cookies) desde un sitio web en particular. \n \n \n También puede consultar http://www.allaboutcookies.org/manage-cookies/index.html para obtener más información general sobre las cookies. Sin embargo, si no acepta nuestras cookies, puede experimentar algunos inconvenientes en el uso del sitio web. "},{"type":"CONTENT","content":"1.2 Para brindarle información personalizada sobre su período y su salud"},{"type":"CONTENT","content":"La información que rastrea con Oky sobre su salud y actividades se considera información personal confidencial. Para la aplicación Oky, la mayoría de los datos se almacenan, incluida la interacción del usuario con el motor de predicción. \n \n \n Se almacenan el nombre de usuario, el idioma, el tema y las respuestas del usuario a las tarjetas y cuestionarios diarios, y se registra si un usuario modifica su predicción de período, la acorta, modifica la predicción actual, etc. "},{"type":"HEADING","content":"Si el usuario elimina su cuenta, todos los datos se borrarán de los servidores"},{"type":"CONTENT","content":"Salud y datos sensibles"},{"type":"CONTENT","content":"Los datos de salud, como las fechas de sus períodos pasados ​​y actuales, y los eventos del estado de ánimo, el cuerpo o la actividad que rastrea en la aplicación (por ejemplo, dolor, hinchazón, ejercicio, sueño, flujo menstrual) se recopilan y utilizan para brindarle servicios, como como predecir fechas de períodos futuros o proporcionarle recordatorios o notificaciones relacionadas con la menstruación y la salud. \n \n \n La tecnología predictiva utilizada por Oky procesa estos datos y le proporciona información. Sin embargo, su información personal a este respecto no se comparte con otras partes "},{"type":"CONTENT","content":"Oky usa preguntas en la aplicación para solicitar sus comentarios sobre la aplicación, p. Ej. sobre el rendimiento de la aplicación o sobre la utilidad de la información que proporciona Oky y su experiencia de uso de la aplicación. \n \n \n La información proporcionada por usted a través de dichas encuestas y preguntas es procesada por Oky para los fines establecidos en esta Política de privacidad. "},{"type":"HEADING","content":"La información que ingresa en las notas permanece completamente privada: esta información no es recopilada, no accede a ella ni la utiliza de ninguna manera"},{"type":"CONTENT","content":"Información agregada"},{"type":"CONTENT","content":"We may de-identify and aggregate information collected through the app for statistical analysis and other lawful purpose, including in research studies intended to improve our understanding of young people’s use of technology and digital tools. \n \n \nThe results of this research may be shared with third parties, such as our partners, supporters, educators and researchers through conferences, journals, and other publications. If we do this, all data will be aggregated and none of your data will be used to identify you: we will not process personal data that identifies you as a person (such as your first name, surname, email) or health-related data."},{"type":"CONTENT","content":"Alguna información adicional que puede ser útil sobre su información personal y privacidad:"},{"type":"HEADING","content":"I. Podemos utilizar su Información personal para hacer cumplir nuestros Términos de uso, defender nuestros derechos legales y cumplir con nuestras obligaciones legales y políticas internas. \n \n ii. Oky ha sido diseñado para minimizar el uso de sus datos personales. Solo recopilamos y procesamos sus datos para los fines descritos anteriormente. \n \n iii. Expertos verifican periódicamente la seguridad de nuestros servidores para garantizar que sus datos estén protegidos contra el acceso no autorizado. Puede contactarnos con cualquier pregunta que pueda tener sobre la seguridad de nuestros servicios, hay un formulario de contacto en el sitio web de Oky. \n \n iv. No conservamos sus datos en un formato identificable por más tiempo del necesario para brindar nuestros servicios. \n \n v. Como usuario de Oky, puede ejercer sus derechos de usuario para solicitar información sobre sus datos personales procesados ​​por Oky. Si lo solicita, esta información se le proporcionará electrónicamente "},{"type":"CONTENT","content":"«2. Seguridad de datos"},{"type":"HEADING","content":"Utilizamos muchas medidas razonables, físicas y electrónicas, para evitar que su información personal sea accesible y divulgada por personas no autorizadas. Sin embargo, siempre existe la posibilidad de que terceros puedan interceptar o acceder ilegalmente a su Información personal o comunicaciones privadas. \n \n \n Por lo tanto, aunque trabajamos arduamente para salvaguardar su información personal, no podemos garantizar que su información o comunicaciones siempre serán privadas "},{"type":"CONTENT","content":"Recomendaciones para proteger sus datos"},{"type":"CONTENT","content":"“Creemos que la mayor amenaza para la seguridad y privacidad de sus datos es si alguien, probablemente alguien que usted conoce, obtiene acceso a su dispositivo. Los datos que ingresa en Oky son privados y deberían permanecer así. A continuación, describimos algunas formas de mantener la seguridad de sus dispositivos "},{"type":"CONTENT","content":"I. Active un código PIN o contraseña único para crear un inicio de sesión. Hágalo personal y no fácil de adivinar para los demás. No use su fecha de nacimiento o su nombre, por ejemplo. Si comparte su dispositivo con otras personas, la activación de un código PIN o contraseña único le asegurará que es la única persona que puede acceder a sus datos relacionados con Oky en el dispositivo "},{"type":"CONTENT","content":"ii. Configure una función que le permitirá borrar todos los datos de su dispositivo en caso de pérdida o robo"},{"type":"HEADING","content":"Para Android, descargue y configure Find My Device (anteriormente Android Device Manager) desde Google Play Store y, si es necesario, use la interfaz web conectada para bloquear o borrar su teléfono de forma remota."},{"type":"CONTENT","content":"«3. Sitios web de terceros"},{"type":"HEADING","content":"Nuestra aplicación o sitio web puede contener enlaces a otros sitios que no están cubiertos por esta Política de privacidad. Esta Política de privacidad se aplica solo al procesamiento de su información personal por parte de Oky. No aborda, y no somos responsables de, la privacidad, la información u otras prácticas de terceros, incluido cualquier tercero que opere cualquier sitio o servicio al que se vincule el sitio web o la aplicación. \n \n \n La inclusión de un vínculo en el sitio web o la aplicación no implica la aprobación del sitio o servicio vinculado por parte de UNICEF. Tenga en cuenta que los términos de esta Política de privacidad no se aplican a estos sitios web o contenido externo, ni a ninguna recopilación de datos después de hacer clic en los enlaces a dichos sitios web externos "},{"type":"CONTENT","content":"«4. Notificaciones de cambios a la Política de privacidad "},{"type":"CONTENT","content":"''Revisamos nuestras medidas de seguridad y nuestra Política de privacidad y podemos modificar nuestras políticas según lo consideremos apropiado. Si realizamos cambios en nuestras prácticas de privacidad, publicaremos una notificación en nuestro sitio web o aplicación para alertar que la Política de privacidad ha sido modificada. \n \n \n Dichos cambios entrarán en vigencia inmediatamente después de publicarlos en nuestra aplicación o sitio web. Por este motivo, le recomendamos que consulte nuestra Política de privacidad con frecuencia. La fecha de \"Última actualización\" en la parte inferior de esta página indica cuándo se revisó por última vez esta Política de privacidad. \n \n \n El uso continuado de nuestra aplicación o sitio web después de estos cambios significa que acepta la Política de privacidad revisada. ''"},{"type":"CONTENT","content":"No dude en contactarnos si necesita más información sobre esta Política de privacidad. Hay un formulario de contacto en el sitio web de Oky: https://okyapp.info/ \n \n Última actualización: 16 de octubre de 2019 "}]', '2021-12-01 11:06:21.064', 'es');

INSERT INTO "terms_and_conditions" ("json_dump", "timestamp", "lang") VALUES ('[{"type":"HEADING","content":"Términos y condiciones de Oky"},{"type":"HEADING","content":"Al utilizar Oky, acepta estos términos. Si no está de acuerdo con estos términos, no debe utilizar Oky. "},{"type":"HEADING","content":"Content"},{"type":"CONTENT","content":"Oky es una forma de monitorear y aprender sobre su ciclo menstrual, así como brindar información sobre su período y la salud femenina. El servicio se proporciona de forma gratuita. \n \n \n POR FAVOR NO USE “Oky” CON FINES MÉDICOS O ANTICONCEPTIVOS. EN CASO DE CUALQUIER PROBLEMA DE SALUD INDIVIDUAL, CONSULTE A UN PROFESIONAL MÉDICO. "},{"type":"CONTENT","content":"Oky no está destinado a reemplazar las medidas anticonceptivas y / o el consejo médico: solo está destinado a proporcionar información. Al utilizar Oky, acepta utilizarlo únicamente con el fin previsto y, en particular, no con fines anticonceptivos y / o médicos »."},{"type":"HEADING","content":"Datos y uso"},{"type":"CONTENT","content":"Oky proporciona contenido informativo general sobre la salud femenina, la menstruación, la fertilidad y temas relacionados. Recopila datos que ingresan los usuarios relacionados con su ciclo menstrual, actividades físicas, salud y cuerpos. \n \n \n Oky procesa estos puntos de datos en correlación con la información médica sobre el ciclo menstrual (como la duración del ciclo) y otra información sobre la salud femenina. \n \n \n Estos puntos de datos combinados permiten que la aplicación haga asociaciones e identifique patrones entre eventos relacionados con el ciclo menstrual y la salud femenina utilizando fórmulas matemáticas / estadísticas simples y cálculos basados ​​en algoritmos. "},{"type":"CONTENT","content":"Para obtener información sobre los datos que recopilamos y utilizamos, consulte nuestra Política de privacidad"},{"type":"HEADING","content":"Actualizaciones de contenido"},{"type":"CONTENT","content":"Aunque UNICEF realiza esfuerzos razonables para actualizar la información de Oky, no hacemos declaraciones, garantías o garantías, ya sean expresas o implícitas, de que el contenido de Oky sea exacto, completo o actualizado"},{"type":"HEADING","content":"Cambios en los términos y condiciones"},{"type":"CONTENT","content":"UNICEF modifica estos términos de vez en cuando. Cada vez que desee utilizar Oky, consulte estos términos para asegurarse de que comprende los términos que se aplican en ese momento. "},{"type":"HEADING","content":"Cambios en la aplicación"},{"type":"CONTENT","content":"UNICEF puede actualizar y cambiar Oky de vez en cuando para proporcionar información actualizada, enlaces o proporcionar nuevas funciones y reflejar los cambios en las necesidades de nuestros usuarios"},{"type":"HEADING","content":"Suspensión o retirada de la aplicación"},{"type":"CONTENT","content":"Oky está disponible de forma gratuita. UNICEF no garantiza que Oky, o cualquier contenido en él, estará siempre disponible o sin interrupciones. Podemos suspender, retirar o restringir la disponibilidad de todo o parte de Oky por razones operativas o de otro tipo. Intentaremos avisarle con razonable antelación de cualquier suspensión o retirada "},{"type":"HEADING","content":"Hacer que otros usuarios conozcan estos Términos y condiciones"},{"type":"CONTENT","content":"Si alguien más usa Oky a través de su dispositivo, usted también es responsable de asegurarse de que conocen estos términos de uso y otros términos y condiciones aplicables, y que los cumplen"},{"type":"HEADING","content":"Mantener seguros los datos de inicio de sesión"},{"type":"CONTENT","content":"Si elige, o se le proporciona, un código de identificación de usuario, contraseña o cualquier otra información como parte de los procedimientos de seguridad de UNICEF, debe tratar dicha información como confidencial. No debe revelarlo a ningún tercero. "},{"type":"CONTENT","content":"UNICEF tiene el derecho de deshabilitar cualquier código de identificación de usuario o contraseña, ya sea que usted elija o asigne nosotros, en cualquier momento, si en nuestra opinión razonable no ha cumplido con alguna de las disposiciones de estos términos de uso"},{"type":"HEADING","content":"Tu ubicación"},{"type":"CONTENT","content":"Al utilizar Oky, acepta que la ubicación que proporciona al registrarse es precisa"},{"type":"HEADING","content":"Enlaces externos y recursos"},{"type":"CONTENT","content":"Oky puede enlazar a otros sitios web y recursos que no están bajo el control de UNICEF. La inclusión de dichos enlaces no implica un respaldo o aprobación por parte de UNICEF de ningún sitio web, producto o servicio"},{"type":"CONTENT","content":"UNICEF no asume ninguna responsabilidad con respecto a dichos sitios web, incluida, por ejemplo, responsabilidad u obligación por la precisión o fiabilidad de cualquier información, datos, opiniones, consejos o declaraciones realizadas en esos sitios web"},{"type":"CONTENT","content":"Todo en este sitio es para usted y sus compañeros, no para uso comercial"},{"type":"HEADING","content":"Pérdida o daño"},{"type":"CONTENT","content":"No excluimos ni limitamos de ninguna manera nuestra responsabilidad hacia usted cuando sea ilegal hacerlo. Esto incluye la responsabilidad por muerte o lesiones personales causadas por nuestra negligencia o la negligencia de nuestros empleados, agentes o subcontratistas y por fraude o tergiversación fraudulenta "},{"type":"CONTENT","content":"Tenga en cuenta que solo proporcionamos Oky para uso personal, doméstico y privado. Usted acepta no utilizar Oky para fines comerciales o comerciales, y no tenemos ninguna responsabilidad ante usted por cualquier pérdida de ganancias, pérdida de negocios, interrupción de negocios o pérdida de oportunidades comerciales "},{"type":"HEADING","content":"Tu información personal"},{"type":"CONTENT","content":"Solo usaremos su información personal según lo establecido en nuestra Política de privacidad"},{"type":"HEADING","content":"Disputas"},{"type":"CONTENT","content":"Estos términos de uso, su contenido y su formación se rigen por la ley de EE. UU. Los tribunales de Estados Unidos tendrán jurisdicción exclusiva "},{"type":"HEADING","content":"Nombre y emblema de UNICEF"},{"type":"CONTENT","content":"“El nombre y el emblema de UNICEF son propiedad exclusiva de UNICEF. Están protegidos por el derecho internacional. Se prohíbe el uso no autorizado. No se pueden copiar ni reproducir de ninguna manera sin el permiso previo por escrito de UNICEF. Si tiene alguna pregunta al respecto, comuníquese con UNICEF ”."}]', '2021-12-01 11:06:21.064', 'es');

INSERT INTO "about" ("json_dump", "timestamp", "lang") VALUES ('[{"type":"CONTENT","content":"Oky es una aplicación para teléfonos móviles que ayuda a las niñas a controlar sus períodos y sus vidas. Siéntete más segura al hacer un seguimiento de tu período y obtener los datos que todas las chicas deberían saber "},{"type":"HEADING","content":"¿Qué es Oky?"},{"type":"CONTENT","content":"Oky es una aplicación de seguimiento del período diseñada para niñas y por niñas: es divertida y positiva porque queremos revertir la timidez y los malos sentimientos que a veces pueden causar los períodos"},{"type":"HEADING","content":"¿Por qué UNICEF creó Oky?"},{"type":"CONTENT","content":"UNICEF creó Oky como parte de su misión de promover la educación y la salud de las niñas, cambiando uno de los tabúes más grandes del mundo: la menstruación"},{"type":"CONTENT","content":"Todas las mujeres y niñas tienen su período. Es natural. Pero las chicas todavía se avergüenzan por ello. A menudo carecen de información sobre lo que les está sucediendo a sus cuerpos en un momento crítico de sus vidas cuando tanto están cambiando "},{"type":"CONTENT","content":"Puede ser difícil encontrar información confiable y de calidad en línea que sea relevante. Existe tanta información errónea. Todo esto puede hacer que los períodos sean estresantes, cuando no es necesario. Oky está diseñado para ayudar a las niñas a manejar sus períodos con confianza, porque las niñas deben poder tomar decisiones informadas sobre sus cuerpos y sus vidas "},{"type":"HEADING","content":"¿Cómo creó UNICEF Oky?"},{"type":"CONTENT","content":"Pasamos meses hablando con más de 400 niñas en Mongolia e Indonesia sobre sus períodos, sus miedos, sus esperanzas y sus vidas, ¡y trabajamos juntas para co-crear Oky! Por supuesto, también trabajamos con nuestros expertos médicos y en educación para asegurarnos de que Oky refleje la ética de UNICEF y sus altos estándares y directrices de salud "},{"type":"HEADING","content":"¿Cómo funciona Oky?"},{"type":"CONTENT","content":"OKY le permite agregar información sobre su período, cuerpo, actividades y estado de ánimo, y en base a esto, proporciona predicciones sobre su próximo período y ciclo de ovulación. Hay un calendario, que actúa como un diario y ayuda con los recordatorios. ¡Oky también da consejos y motivación a través de juegos y cuestionarios! "},{"type":"HEADING","content":"¿En qué se diferencia Oky?"},{"type":"CONTENT","content":"Oky es diferente de otras aplicaciones de seguimiento del período porque está dirigida especialmente a las niñas. Oky no es un negocio, es un servicio para niñas que tiene como objetivo ser inclusivo y sin prejuicios, y mantiene los más altos estándares de privacidad y protección de datos "},{"type":"CONTENT","content":"Oky se desarrolla de manera abierta para que otros puedan aprender del proceso de creación de un recurso de salud pública digital. De esta manera, puede ser útil para más personas y contribuir a cambiar la forma en que nuestra información digital se utiliza con fines de lucro en lugar de para el bien público "}]', '2021-12-01 11:06:21.064', 'es');

